device_id;UTC_datetime;UTC_date;UTC_time;datatype;satcount;U_bat_mV;bat_soc_pct;solar_I_mA;hdop;Latitude;Longitude;Altitude_m;speed_km_h;direction_deg;temperature_C;mag_x;mag_y;mag_z;acc_x;acc_y;acc_z
171040;06.09.2020 04:05;06.09.2020;04:05:07;GPS;0;4103;92;0;0.0;0.000000000000000;0.000000000000000;0;0;0;15;16;-303;583;247;-881;-451
171040;06.09.2020 04:35;06.09.2020;04:35:07;GPS;0;4097;91;0;0.0;0.000000000000000;0.000000000000000;0;0;0;18;-179;-262;373;-109;-929;-243
171040;06.09.2020 05:05;06.09.2020;05:05:07;GPS;0;4097;91;0;0.0;0.000000000000000;0.000000000000000;0;0;0;18;-145;115;381;-163;-994;-7
171040;06.09.2020 05:35;06.09.2020;05:35:07;GPS;0;4094;91;0;0.0;0.000000000000000;0.000000000000000;0;0;0;19;-238;-56;256;154;-1040;223
171040;06.09.2020 06:04;06.09.2020;06:04:05;GPS;8;4097;91;1;0.8;46.985461999999998;21.634990999999999;92;0;54;26;-171;-354;290;-37;-996;-141
171040;06.09.2020 06:33;06.09.2020;06:33:43;GPS;6;4105;93;5;01.mar;46.985477000000003;21.634981000000000;85;0;308;32;-149;-342;361;43;-978;-209
171040;06.09.2020 07:03;06.09.2020;07:03:43;GPS;6;4114;94;3;01.kwi;46.985610999999999;21.635078000000000;92;3;11;36;-143;-374;337;37;-899;-445
171040;06.09.2020 07:33;06.09.2020;07:33:52;GPS;5;4122;95;3;01.cze;46.985557999999997;21.634938999999999;111;0;51;36;-12;-556;269;479;-890;-43
171040;06.09.2020 08:03;06.09.2020;08:03:57;GPS;5;4125;96;4;01.cze;46.985934999999998;21.635065000000001;100;6;93;33;-90;-479;278;279;-921;-401
171040;06.09.2020 08:33;06.09.2020;08:33:46;GPS;5;4131;97;1;01.wrz;46.980637000000002;21.635128000000002;81;0;181;31;-232;-94;-38;-123;-990;-141
171040;06.09.2020 09:04;06.09.2020;09:04:41;GPS;8;4131;97;1;01.wrz;46.902312999999999;21.708496000000000;523;42;173;25;23;-417;518;-119;-194;-955
171040;06.09.2020 09:33;06.09.2020;09:33:44;GPS;7;4131;97;1;2.0;46.800156000000001;21.846499999999999;343;43;271;24;112;-281;639;-9;-154;-950
171040;06.09.2020 10:04;06.09.2020;10:04:05;GPS;7;4133;97;1;01.mar;46.644252999999999;21.892962000000001;1141;46;348;22;477;-38;675;20;-104;-781
171040;06.09.2020 10:33;06.09.2020;10:33:43;GPS;6;4133;97;1;01.maj;46.481422000000002;21.875391000000000;869;33;298;22;114;-97;667;-41;-358;-1138
171040;06.09.2020 11:03;06.09.2020;11:03:46;GPS;6;4136;98;1;01.sie;46.292594999999999;21.916660000000000;905;71;176;19;69;-29;638;-39;-19;-874
171040;06.09.2020 11:33;06.09.2020;11:33:55;GPS;6;4136;98;1;01.lip;46.101837000000003;21.929745000000000;1318;72;156;16;35;-231;614;-65;-64;-1037
171040;06.09.2020 12:04;06.09.2020;12:04:05;GPS;7;4139;98;0;01.lut;45.882655999999997;21.945246000000001;836;44;180;21;-37;-116;578;16;-135;-693
171040;06.09.2020 12:33;06.09.2020;12:33:47;GPS;9;4142;99;0;0.9;45.964046000000003;21.822766999999999;1169;69;288;22;451;148;616;66;-28;-1058
171040;06.09.2020 13:03;06.09.2020;13:03:42;GPS;6;4142;99;0;01.lut;46.090674999999997;21.571501000000001;562;49;312;21;532;51;629;53;-76;-957
171040;06.09.2020 13:33;06.09.2020;13:33:43;GPS;6;4145;99;2;01.maj;46.115848999999997;21.444042000000000;1120;66;139;19;59;-234;627;148;-111;-1179
171040;06.09.2020 14:03;06.09.2020;14:03:42;GPS;5;4145;99;0;01.cze;46.130763999999999;21.372955000000001;1620;58;321;16;545;-32;648;-49;4;-800
171040;06.09.2020 14:33;06.09.2020;14:33:49;GPS;5;4145;99;0;01.cze;46.281261000000001;21.227347999999999;1034;34;180;19;430;-391;624;-97;-198;-965
171040;06.09.2020 15:03;06.09.2020;15:03:51;GPS;4;4147;100;0;01.sie;46.389789999999998;21.193680000000001;1072;56;349;22;577;-99;639;-23;20;-807
171040;06.09.2020 15:34;06.09.2020;15:34:05;GPS;8;4147;100;0;1.0;46.565112999999997;21.213408000000001;342;50;0;24;491;-267;659;-27;-347;-921
171040;06.09.2020 16:03;06.09.2020;16:03:43;GPS;7;4150;100;1;01.lut;46.695911000000002;21.231643999999999;111;43;11;28;522;-253;650;27;-17;-966
171040;06.09.2020 16:33;06.09.2020;16:33:42;GPS;6;4153;100;1;01.lut;46.721316999999999;21.254297000000001;81;1;348;30;-142;-68;471;17;-998;-135
171040;06.09.2020 17:01;06.09.2020;17:01:36;GPS;5;4156;100;0;01.lip;46.721214000000003;21.254473000000001;68;1;136;25;-210;-299;238;-114;-992;-123
171040;07.09.2020 04:08;07.09.2020;04:08:10;GPS;4;4147;100;0;01.lip;46.725223999999997;21.260062999999999;61;0;156;16;-210;-289;251;-146;-978;-89
171040;07.09.2020 04:38;07.09.2020;04:38:12;GPS;0;4142;99;0;0.0;0.000000000000000;0.000000000000000;0;0;0;18;561;-98;648;-191;-65;-959
171040;07.09.2020 05:08;07.09.2020;05:08:12;GPS;0;4142;99;0;0.0;0.000000000000000;0.000000000000000;0;0;0;19;883;-4;370;276;577;-449
171040;07.09.2020 05:37;07.09.2020;05:37:45;GPS;6;4136;98;0;01.lip;46.724978999999998;21.260999999999999;82;0;338;17;-59;25;540;31;-923;-392
171040;07.09.2020 06:06;07.09.2020;06:06:53;GPS;6;4136;98;0;01.kwi;46.725285000000000;21.260141000000001;49;0;180;19;-123;-471;165;251;-952;181
171040;07.09.2020 06:37;07.09.2020;06:37:15;GPS;6;4136;98;0;01.mar;46.725062999999999;21.260221000000001;105;1;125;22;-165;-392;251;155;-1002;89
171040;07.09.2020 07:07;07.09.2020;07:07:23;GPS;9;4139;98;0;01.sty;46.725147000000000;21.260083999999999;70;0;149;25;-144;-139;-230;-124;-981;246
171040;07.09.2020 07:36;07.09.2020;07:36:49;GPS;7;4136;98;0;01.lut;46.724926000000004;21.258215000000000;25;0;79;20;-226;-268;50;-42;-998;-172
171040;07.09.2020 08:06;07.09.2020;08:06:50;GPS;7;4136;98;0;01.kwi;46.725025000000002;21.258127000000002;92;7;333;23;-126;243;183;-205;-958;-109
171040;07.09.2020 08:36;07.09.2020;08:36:47;GPS;7;4136;98;1;01.cze;46.728462000000000;21.256637999999999;455;38;356;24;375;-146;701;-47;-163;-1118
171040;07.09.2020 09:06;07.09.2020;09:06:48;GPS;7;4139;98;2;01.lut;46.759621000000003;21.230530000000002;502;57;8;23;474;-83;679;-89;-82;-844
171040;07.09.2020 09:37;07.09.2020;09:37:23;GPS;12;4142;99;1;0.8;46.704334000000003;21.355620999999999;749;60;94;23;351;-291;676;-67;-200;-1090
171040;07.09.2020 10:06;07.09.2020;10:06:48;GPS;9;4142;99;5;1.0;46.697738999999999;21.440484999999999;122;0;270;29;-198;36;-90;-94;-1001;-33
171040;07.09.2020 10:36;07.09.2020;10:36:53;GPS;8;4145;99;0;01.sty;46.697113000000002;21.442360000000001;86;2;102;23;-202;-78;-122;655;-1005;806
171040;07.09.2020 11:07;07.09.2020;11:07:01;GPS;8;4145;99;0;01.lut;46.697730999999997;21.440200999999998;74;3;290;24;58;-159;641;-178;-769;-594
171040;07.09.2020 11:36;07.09.2020;11:36:51;GPS;6;4145;99;0;01.kwi;46.698760999999998;21.437467999999999;99;0;262;23;-138;-353;374;115;-925;-66
171040;07.09.2020 12:06;07.09.2020;12:06:51;GPS;6;4145;99;0;01.maj;46.698284000000001;21.438786000000000;102;2;274;23;-187;96;302;62;-1018;-52
171040;07.09.2020 12:38;07.09.2020;12:38:11;GPS;4;4145;99;0;03.lut;46.698456000000000;21.438313000000001;90;1;310;22;-282;-200;164;-6;-994;230
171040;07.09.2020 13:08;07.09.2020;13:08:11;GPS;0;4139;98;0;0.0;0.000000000000000;0.000000000000000;0;0;0;22;199;-82;675;57;-541;-801
171040;07.09.2020 13:37;07.09.2020;13:37:36;GPS;6;4136;98;0;01.kwi;46.698025000000001;21.440363000000001;45;0;158;22;-160;-414;190;278;-937;299
171040;07.09.2020 14:06;07.09.2020;14:06:53;GPS;5;4136;98;0;01.kwi;46.702331999999998;21.431802999999999;59;3;326;25;-180;-26;397;-160;-1009;46
171040;07.09.2020 14:36;07.09.2020;14:36:57;GPS;4;4136;98;0;01.lip;46.698734000000002;21.438725999999999;49;1;28;25;-208;-405;136;209;-966;-184
171040;07.09.2020 15:08;07.09.2020;15:08:11;GPS;4;4133;97;0;01.wrz;46.697513999999998;21.441331999999999;65;0;278;24;568;-617;-82;3;9;137
171040;07.09.2020 15:38;07.09.2020;15:38:11;GPS;0;4131;97;0;0.0;0.000000000000000;0.000000000000000;0;0;0;22;-68;-361;472;80;-678;-683
171040;07.09.2020 16:08;07.09.2020;16:08:11;GPS;0;4128;96;0;0.0;0.000000000000000;0.000000000000000;0;0;0;22;-206;-336;76;-24;-1030;220
171040;07.09.2020 16:38;07.09.2020;16:38:11;GPS;0;4125;96;0;0.0;0.000000000000000;0.000000000000000;0;0;0;22;30;32;604;397;-280;861
171040;07.09.2020 17:08;07.09.2020;17:08:11;GPS;0;4122;95;0;0.0;0.000000000000000;0.000000000000000;0;0;0;22;-186;-380;139;279;-839;-508
171040;07.09.2020 17:37;07.09.2020;17:37:24;GPS;6;4119;95;0;01.lut;46.697693000000001;21.440348000000000;99;0;292;23;-165;-304;366;109;-976;-151
171040;08.09.2020 04:08;08.09.2020;04:08:09;GPS;0;4114;94;0;0.0;0.000000000000000;0.000000000000000;0;0;0;13;-175;179;106;-149;-903;518
171040;08.09.2020 04:38;08.09.2020;04:38:09;GPS;0;4108;93;0;0.0;0.000000000000000;0.000000000000000;0;0;0;15;-154;62;-160;-344;-613;1488
171040;08.09.2020 05:08;08.09.2020;05:08:09;GPS;0;4108;93;0;0.0;0.000000000000000;0.000000000000000;0;0;0;17;-190;80;-63;89;-1036;306
171040;08.09.2020 05:38;08.09.2020;05:38:09;GPS;0;4105;93;0;0.0;0.000000000000000;0.000000000000000;0;0;0;16;-172;-7;407;9;-902;104
171040;08.09.2020 06:08;08.09.2020;06:08:09;GPS;0;4103;92;5;0.0;0.000000000000000;0.000000000000000;0;0;0;17;-74;76;502;116;-856;-509
171040;08.09.2020 06:38;08.09.2020;06:38:09;GPS;0;4100;92;0;0.0;0.000000000000000;0.000000000000000;0;0;0;17;-127;170;349;-155;-964;-149
171040;08.09.2020 07:08;08.09.2020;07:08:09;GPS;0;4100;92;0;0.0;0.000000000000000;0.000000000000000;0;0;0;17;-92;-167;527;-38;-984;-254
171040;08.09.2020 07:37;08.09.2020;07:37:29;GPS;5;4097;91;0;01.wrz;46.698219000000002;21.439028000000000;27;0;347;20;302;-535;522;557;-477;-643
171040;08.09.2020 08:06;08.09.2020;08:06:48;GPS;5;4097;91;1;2.0;46.621861000000003;21.432537000000000;98;35;98;17;296;-409;625;-25;-257;-1029
171040;08.09.2020 08:37;08.09.2020;08:37:05;GPS;7;4103;92;0;01.lut;46.622345000000003;21.431581000000001;89;0;224;19;-152;200;213;-118;-999;-46
171040;08.09.2020 09:06;08.09.2020;09:06:46;GPS;7;4103;92;1;01.mar;46.513485000000003;21.468245000000000;632;63;135;16;187;-410;607;-10;-81;-1018
171040;08.09.2020 09:36;08.09.2020;09:36:45;GPS;7;4105;93;1;01.lut;46.299435000000003;21.510971000000001;526;34;86;18;282;-257;686;-9;-122;-881
171040;08.09.2020 10:06;08.09.2020;10:06:45;GPS;7;4108;93;0;01.lut;46.059989999999999;21.495149999999999;573;87;179;18;53;18;618;33;-108;-918
171040;08.09.2020 10:36;08.09.2020;10:36:45;GPS;6;4111;94;1;01.lut;45.848720999999998;21.544032999999999;731;85;137;17;152;-351;623;5;26;-812
171040;08.09.2020 11:07;08.09.2020;11:07:05;GPS;9;4114;94;0;1.0;45.645245000000003;21.674562000000002;983;53;152;18;72;-481;488;-6;-276;-1015
171040;08.09.2020 11:36;08.09.2020;11:36:44;GPS;6;4117;95;0;01.mar;45.454543999999999;21.813621999999999;662;23;266;19;416;-54;690;32;-209;-1019
171040;08.09.2020 12:07;08.09.2020;12:07:05;GPS;9;4119;95;1;0.9;45.298172000000001;21.969546999999999;1016;121;113;18;27;-144;619;-23;-56;-983
171040;08.09.2020 12:36;08.09.2020;12:36:46;GPS;9;4119;95;0;0.9;45.172759999999997;22.032748999999999;1377;61;163;15;-35;126;498;-5;-169;-941
171040;08.09.2020 13:06;08.09.2020;13:06:45;GPS;9;4122;95;0;0.9;44.992798000000001;22.163772999999999;1112;72;159;17;55;-215;625;18;-22;-1014
171040;08.09.2020 13:36;08.09.2020;13:36:52;GPS;8;4125;96;3;0.9;44.840290000000003;22.264562999999999;1216;37;95;17;252;-463;575;-51;-4;-750
171040;08.09.2020 14:06;08.09.2020;14:06:45;GPS;7;4128;96;2;01.sty;44.602851999999999;22.487283999999999;868;92;155;20;81;-127;646;-50;-20;-665
171040;08.09.2020 14:36;08.09.2020;14:36:45;GPS;7;4133;97;0;1.0;44.468814999999999;22.749362999999999;1173;43;114;25;193;334;444;9;-314;-1134
171040;08.09.2020 15:07;08.09.2020;15:07:05;GPS;9;4136;98;1;01.sty;44.284790000000001;23.129100999999999;389;91;114;26;135;-289;638;69;-86;-1076
171040;08.09.2020 15:36;08.09.2020;15:36:46;GPS;6;4142;99;1;01.kwi;44.162708000000002;23.398064000000002;621;87;144;25;34;-266;599;-17;-75;-962
171040;08.09.2020 16:06;08.09.2020;16:06:45;GPS;6;4142;99;3;01.mar;44.023707999999999;23.715001999999998;309;49;138;26;67;210;520;32;-256;-1077
171040;08.09.2020 16:36;08.09.2020;16:36:44;GPS;5;4142;99;0;01.maj;43.918250999999998;23.981532999999999;53;31;332;27;56;43;608;39;-97;-800
171040;08.09.2020 16:45;08.09.2020;16:45:01;GPS;7;4145;99;0;01.mar;43.903888999999999;24.024633000000001;113;3;326;28;-216;-51;-66;8;-1000;-132
171040;09.09.2020 04:00;09.09.2020;04:00:35;GPS;9;4136;98;0;0.9;43.903748000000000;24.024784000000000;104;0;125;16;-158;-255;402;-62;-998;-110
171040;09.09.2020 04:30;09.09.2020;04:30:02;GPS;7;4131;97;0;01.sty;43.871704000000001;24.070141000000000;115;0;195;15;-119;-80;491;-51;-996;-141
171040;09.09.2020 05:00;09.09.2020;05:00:04;GPS;5;4131;97;0;01.mar;43.873451000000003;24.070601000000000;115;0;129;15;-196;-192;-113;-39;-1011;-21
171040;09.09.2020 05:30;09.09.2020;05:30:13;GPS;5;4131;97;4;01.kwi;43.873375000000003;24.070404000000000;93;0;354;19;-191;94;-20;-29;-998;-106
171040;09.09.2020 06:00;09.09.2020;06:00:17;GPS;6;4142;99;5;01.cze;43.873382999999997;24.070454000000002;100;4;332;27;-228;-99;-35;-13;-986;-214
171040;09.09.2020 06:30;09.09.2020;06:30:05;GPS;5;4156;100;5;2.0;43.873756000000000;24.070290000000000;58;3;335;30;-227;-90;-36;22;-984;-190
171040;09.09.2020 07:00;09.09.2020;07:00:15;GPS;9;4164;100;7;0.8;43.873379000000000;24.070480000000000;95;0;52;33;-210;-254;-25;-35;-1004;-109
171040;09.09.2020 07:30;09.09.2020;07:30:28;GPS;4;4167;100;0;01.maj;43.864711999999997;24.130631999999999;373;33;121;22;13;-163;606;-22;23;-760
171040;09.09.2020 08:00;09.09.2020;08:00:03;GPS;4;4167;100;0;01.wrz;43.779311999999997;24.253691000000000;271;65;125;22;87;-384;570;48;-45;-1090
171040;09.09.2020 08:31;09.09.2020;08:31:25;GPS;0;4170;100;7;0.0;0.000000000000000;0.000000000000000;0;0;0;25;-157;188;52;-150;-955;350
171040;09.09.2020 09:01;09.09.2020;09:01:25;GPS;0;4170;100;1;0.0;0.000000000000000;0.000000000000000;0;0;0;25;91;353;-118;-1068;-814;212
171040;09.09.2020 09:30;09.09.2020;09:30:15;GPS;6;4170;100;1;01.cze;43.723582999999998;24.353859000000000;510;50;193;22;-19;75;541;-207;-250;-988
171040;09.09.2020 10:00;09.09.2020;10:00:04;GPS;6;4173;100;1;01.kwi;43.772906999999996;24.522589000000000;775;56;143;21;41;-242;608;36;-73;-978
171040;09.09.2020 10:30;09.09.2020;10:30:15;GPS;6;4175;100;1;01.sty;43.738579000000001;24.720746999999999;764;48;105;23;174;-359;622;48;-177;-975
171040;09.09.2020 11:00;09.09.2020;11:00:35;GPS;10;4178;100;0;0.8;43.727733999999998;24.804800000000000;23;0;41;29;-96;-107;519;-20;-986;-201
171040;09.09.2020 11:30;09.09.2020;11:30:06;GPS;7;4184;100;0;01.mar;43.727778999999998;24.804843999999999;49;2;61;35;-155;-340;336;-24;-998;-148
171040;09.09.2020 12:00;09.09.2020;12:00:12;GPS;5;4184;100;0;01.lip;43.727631000000002;24.805136000000001;32;2;44;30;-202;76;-12;147;-932;406
171040;09.09.2020 12:31;09.09.2020;12:31:17;GPS;7;4184;100;2;01.sie;43.727867000000003;24.805572999999999;-2;0;211;31;-178;-183;395;443;-1359;282
171040;09.09.2020 13:00;09.09.2020;13:00:59;GPS;6;4178;100;2;01.sie;43.726475000000001;24.883656999999999;314;29;303;30;602;158;529;-1;-306;-1151
171040;09.09.2020 13:30;09.09.2020;13:30:08;GPS;6;4178;100;1;01.cze;43.746051999999999;25.052813000000000;384;26;317;28;557;48;614;-13;-208;-1091
171040;09.09.2020 14:00;09.09.2020;14:00:14;GPS;8;4178;100;0;1.0;43.660350999999999;25.025497000000001;423;60;323;27;527;36;632;-18;-64;-974
171040;09.09.2020 14:30;09.09.2020;14:30:02;GPS;6;4178;100;0;01.lut;43.756866000000002;24.985191000000000;1145;31;155;25;470;-297;648;-6;-333;-1254
171040;09.09.2020 15:01;09.09.2020;15:01:25;GPS;0;4175;100;3;0.0;0.000000000000000;0.000000000000000;0;0;0;30;-151;183;247;-40;-1018;5
171040;09.09.2020 15:30;09.09.2020;15:30:35;GPS;6;4181;100;2;01.lip;43.727871000000000;24.806270999999999;-2;1;352;32;100;-133;653;291;-716;-598
171040;09.09.2020 16:00;09.09.2020;16:00:08;GPS;4;4175;100;0;01.cze;43.727775999999999;24.806312999999999;57;6;34;27;-128;240;104;-193;-977;-146
171040;09.09.2020 16:30;09.09.2020;16:30:04;GPS;4;4175;100;0;01.lip;43.727699000000001;24.805524999999999;28;2;94;25;-91;-258;-259;281;-958;182
171040;09.09.2020 16:39;09.09.2020;16:39:51;GPS;4;4173;100;0;01.sie;43.727778999999998;24.804890000000000;28;3;243;27;-246;-157;141;243;-841;264
171040;10.09.2020 03:59;10.09.2020;03:59:25;GPS;0;4167;100;0;0.0;0.000000000000000;0.000000000000000;0;0;0;19;-191;119;218;-16;-1022;172
171040;10.09.2020 04:29;10.09.2020;04:29:25;GPS;0;4161;100;0;0.0;0.000000000000000;0.000000000000000;0;0;0;20;-172;-37;-162;14;-1138;-953
171040;10.09.2020 04:59;10.09.2020;04:59:25;GPS;0;4159;100;0;0.0;0.000000000000000;0.000000000000000;0;0;0;20;398;-673;-19;549;-412;470
171040;10.09.2020 05:29;10.09.2020;05:29:25;GPS;0;4159;100;0;0.0;0.000000000000000;0.000000000000000;0;0;0;20;-218;-141;-66;71;-918;-282
171040;10.09.2020 05:59;10.09.2020;05:59:05;GPS;7;4156;100;0;01.lut;43.727848000000002;24.805599000000001;21;0;115;20;-147;210;171;-100;-1007;-17
171040;10.09.2020 06:28;10.09.2020;06:28:01;GPS;6;4156;100;5;01.cze;43.727730000000001;24.804758000000000;52;1;193;21;-236;-149;225;235;-960;236
171040;10.09.2020 06:58;10.09.2020;06:58:15;GPS;5;4161;100;4;01.sie;43.727893999999999;24.804839999999999;27;2;123;25;-196;-311;246;-113;-1005;-28
171040;10.09.2020 07:28;10.09.2020;07:28:01;GPS;6;4164;100;0;01.cze;43.727848000000002;24.804919999999999;30;13;100;27;-130;207;268;-124;-1003;-40
171040;10.09.2020 07:58;10.09.2020;07:58:35;GPS;6;4170;100;1;01.maj;43.727825000000003;24.804956000000001;18;0;120;33;-209;-288;13;-95;-1006;-64
171040;10.09.2020 08:28;10.09.2020;08:28:12;GPS;8;4173;100;0;1.0;43.727943000000003;24.805031000000000;2;1;46;28;-92;105;457;-84;-978;-212
171040;10.09.2020 08:58;10.09.2020;08:58:03;GPS;4;4170;100;0;01.wrz;43.727901000000003;24.805000000000000;28;4;321;28;-154;206;122;-109;-997;-151
171040;10.09.2020 09:28;10.09.2020;09:28:14;GPS;8;4173;100;0;01.sty;43.727893999999999;24.804566999999999;28;2;82;33;-165;120;318;32;-1012;-83
171040;10.09.2020 09:58;10.09.2020;09:58:35;GPS;8;4173;100;0;01.cze;43.727893999999999;24.804946999999999;16;0;36;33;-184;152;78;-66;-995;-161
171040;10.09.2020 10:28;10.09.2020;10:28:03;GPS;7;4173;100;2;01.kwi;43.727825000000003;24.804580999999999;11;5;128;29;-222;-223;257;-232;-1363;-1659
171040;10.09.2020 10:58;10.09.2020;10:58:12;GPS;6;4173;100;0;01.mar;43.727809999999998;24.804939000000001;20;1;86;31;-207;-322;168;-21;-948;-326
171040;10.09.2020 11:28;10.09.2020;11:28:03;GPS;6;4175;100;1;01.lut;43.726475000000001;24.797585000000002;1256;42;266;25;293;118;641;38;-270;-1103
171040;10.09.2020 11:58;10.09.2020;11:58:15;GPS;7;4173;100;1;01.mar;43.710926000000001;24.572106999999999;1115;54;298;25;341;114;643;-13;-191;-967
171040;10.09.2020 12:28;10.09.2020;12:28:15;GPS;5;4175;100;1;01.sie;43.732230999999999;24.362780000000001;874;36;220;25;69;141;570;-28;-300;-1060
171040;10.09.2020 12:58;10.09.2020;12:58:35;GPS;8;4175;100;1;01.cze;43.722808999999998;24.334000000000000;660;42;308;27;343;49;669;17;-310;-1027
171040;10.09.2020 13:28;10.09.2020;13:28:05;GPS;8;4178;100;7;01.mar;43.724097999999998;24.348369999999999;1060;37;131;24;-40;-297;527;3;-419;-959
171040;10.09.2020 13:58;10.09.2020;13:58:03;GPS;5;4175;100;1;01.wrz;43.782668999999999;24.508735999999999;1108;67;95;21;274;-378;632;11;-21;-923
171040;10.09.2020 14:28;10.09.2020;14:28:00;GPS;5;4178;100;2;01.sie;43.756186999999997;24.756039000000001;788;73;119;21;130;-378;597;44;-166;-1084
171040;10.09.2020 14:58;10.09.2020;14:58:19;GPS;7;4187;100;0;01.lip;43.729084000000000;24.806508999999998;98;0;28;37;-155;-325;353;-35;-999;-113
171040;10.09.2020 15:28;10.09.2020;15:28:14;GPS;6;4184;100;0;01.lip;43.732452000000002;24.806601000000001;1;0;216;26;-207;-315;57;-75;-1027;-79
171040;10.09.2020 15:58;10.09.2020;15:58:15;GPS;7;4178;100;0;01.kwi;43.727798000000000;24.805153000000001;10;0;318;27;-217;-127;-72;423;-922;62
171040;10.09.2020 16:28;10.09.2020;16:28:07;GPS;6;4178;100;0;01.maj;43.727825000000003;24.805147000000002;18;3;317;26;-97;-301;-231;467;-958;223
171040;10.09.2020 16:38;10.09.2020;16:38:50;GPS;0;4175;100;0;0.0;0.000000000000000;0.000000000000000;0;0;0;27;-201;-72;-114;244;-873;104
171040;10.09.2020 17:07;10.09.2020;17:07:59;GPS;7;4173;100;0;01.lut;43.724395999999999;24.806664999999999;42;1;158;26;-102;-5;496;-98;-992;-174
171040;11.09.2020 04:00;11.09.2020;04:00:31;GPS;0;4167;100;0;0.0;0.000000000000000;0.000000000000000;0;0;0;18;73;77;606;223;-207;-651
171040;11.09.2020 04:30;11.09.2020;04:30:31;GPS;0;4159;100;0;0.0;0.000000000000000;0.000000000000000;0;0;0;21;544;-257;-425;-360;163;-74
171040;11.09.2020 05:00;11.09.2020;05:00:31;GPS;0;4159;100;0;0.0;0.000000000000000;0.000000000000000;0;0;0;19;-73;-58;-302;16;-904;459
171040;11.09.2020 05:30;11.09.2020;05:30:31;GPS;0;4159;100;0;0.0;0.000000000000000;0.000000000000000;0;0;0;21;-196;101;3;-23;-980;-125
171040;11.09.2020 06:00;11.09.2020;06:00:31;GPS;0;4159;100;2;0.0;0.000000000000000;0.000000000000000;0;0;0;22;137;-118;-444;-683;-722;-405
171040;11.09.2020 06:30;11.09.2020;06:30:31;GPS;0;4159;100;2;0.0;0.000000000000000;0.000000000000000;0;0;0;22;-144;-277;-172;181;-975;68
171040;11.09.2020 07:00;11.09.2020;07:00:31;GPS;0;4161;100;0;0.0;0.000000000000000;0.000000000000000;0;0;0;22;-126;-463;121;1223;-654;622
171040;11.09.2020 07:30;11.09.2020;07:30:14;GPS;8;4164;100;0;1.0;43.727901000000003;24.804846000000001;32;0;77;24;-164;45;383;176;-971;-211
171040;11.09.2020 07:59;11.09.2020;07:59:10;GPS;8;4164;100;0;01.sty;43.727871000000000;24.804741000000000;36;1;34;27;-43;74;524;170;-705;-660
171040;11.09.2020 08:29;11.09.2020;08:29:35;GPS;9;4164;100;1;01.sty;43.729686999999998;24.815138000000001;375;31;85;24;203;-337;639;4;-184;-1140
171040;11.09.2020 08:59;11.09.2020;08:59:09;GPS;9;4164;100;0;0.9;43.663238999999997;24.840591000000000;543;39;329;24;494;-29;660;-88;-229;-959
171040;11.09.2020 09:29;11.09.2020;09:29:08;GPS;9;4167;100;1;0.9;43.590026999999999;24.929055999999999;187;59;251;26;188;337;439;-115;13;-698
171040;11.09.2020 09:59;11.09.2020;09:59:08;GPS;8;4170;100;0;01.sty;43.483322000000001;24.983384999999998;879;27;184;25;571;-340;588;24;-436;-1206
171040;11.09.2020 10:29;11.09.2020;10:29:06;GPS;7;4173;100;1;01.sty;43.480015000000002;25.139534000000001;1580;43;62;19;343;-403;619;28;-159;-962
171040;11.09.2020 10:59;11.09.2020;10:59:08;GPS;7;4178;100;2;01.lut;43.512614999999997;25.330175000000001;943;47;92;22;327;-377;634;11;-54;-1170
171040;11.09.2020 11:29;11.09.2020;11:29:07;GPS;5;4184;100;0;01.maj;43.568565000000000;25.521737999999999;211;62;158;25;161;-212;667;121;21;-614
171040;11.09.2020 11:59;11.09.2020;11:59:35;GPS;7;4184;100;0;01.sty;43.625843000000003;25.565276999999998;253;20;110;27;347;-429;605;64;-168;-1005
171040;11.09.2020 12:29;11.09.2020;12:29:08;GPS;6;4184;100;0;01.lut;43.663646999999997;25.673902999999999;820;46;53;25;366;-398;622;23;-8;-751
171040;11.09.2020 12:59;11.09.2020;12:59:21;GPS;5;4181;100;0;01.lip;43.735709999999997;25.788253999999998;58;28;55;29;476;-326;635;154;-333;-1307
171040;11.09.2020 13:29;11.09.2020;13:29:44;GPS;5;4181;100;4;01.sie;43.753825999999997;25.837156000000000;-37;0;312;30;41;-362;561;-38;-578;-933
171040;11.09.2020 13:59;11.09.2020;13:59:35;GPS;9;4178;100;0;0.9;43.741283000000003;25.746493999999998;1495;70;243;20;128;199;559;96;-360;-917
171040;11.09.2020 14:29;11.09.2020;14:29:09;GPS;6;4175;100;0;01.sty;43.634341999999997;25.549280000000000;9;4;145;26;-136;211;239;-91;-1034;-127
171040;11.09.2020 14:59;11.09.2020;14:59:13;GPS;5;4175;100;0;2.0;43.634048000000000;25.548207999999999;45;2;329;25;-147;-304;384;-42;-974;-193
171040;11.09.2020 15:29;11.09.2020;15:29:13;GPS;5;4175;100;0;01.cze;43.634407000000003;25.549095000000001;17;1;256;24;49;107;577;71;-775;-687
171040;11.09.2020 15:59;11.09.2020;15:59:12;GPS;5;4173;100;0;01.mar;43.633495000000003;25.547808000000000;27;3;221;25;-115;-236;475;-379;-958;-568
171040;11.09.2020 16:29;11.09.2020;16:29:35;GPS;7;4173;100;0;1.0;43.633609999999997;25.547917999999999;0;0;359;24;-193;14;340;113;-1005;32
171040;11.09.2020 16:32;11.09.2020;16:32:15;GPS;7;4173;100;0;1.0;43.633656000000002;25.547923999999998;1;1;317;24;-198;21;323;120;-991;90
171040;12.09.2020 03:59;12.09.2020;03:59:15;GPS;0;4167;100;0;0.0;0.000000000000000;0.000000000000000;0;0;0;15;-113;-20;-248;196;-937;306
171040;12.09.2020 04:29;12.09.2020;04:29:15;GPS;0;4161;100;0;0.0;0.000000000000000;0.000000000000000;0;0;0;15;285;-39;694;-291;-750;-872
171040;12.09.2020 04:59;12.09.2020;04:59:15;GPS;0;4159;100;0;0.0;0.000000000000000;0.000000000000000;0;0;0;16;-154;-276;-153;363;-961;92
171040;12.09.2020 05:28;12.09.2020;05:28:31;GPS;7;4156;100;0;01.cze;43.633372999999999;25.547989000000001;15;0;94;17;-130;-231;458;-18;-1002;-128
171040;12.09.2020 05:59;12.09.2020;05:59:15;GPS;0;4156;100;0;0.0;0.000000000000000;0.000000000000000;0;0;0;18;-162;-26;421;234;-946;-44
171040;12.09.2020 06:28;12.09.2020;06:28:23;GPS;5;4156;100;0;01.lip;43.633926000000002;25.548361000000000;21;0;76;21;-163;15;403;-52;-965;-335
171040;12.09.2020 06:58;12.09.2020;06:58:35;GPS;4;4161;100;1;2.0;43.634307999999997;25.548759000000000;21;0;159;28;-166;-81;-189;232;-990;132
171040;12.09.2020 07:28;12.09.2020;07:28:14;GPS;7;4167;100;0;01.sie;43.629044000000000;25.550097000000001;27;27;28;23;438;-303;650;-92;122;-608
171040;12.09.2020 07:57;12.09.2020;07:57:52;GPS;5;4173;100;0;2.0;43.626080000000002;25.533332999999999;13;2;254;25;143;-35;-421;283;-542;-171
171040;12.09.2020 08:27;12.09.2020;08:27:53;GPS;5;4175;100;2;01.sie;43.625731999999999;25.532318000000000;9;0;311;29;-169;-331;314;-40;-1005;-88
171040;12.09.2020 08:57;12.09.2020;08:57:55;GPS;5;4178;100;1;01.mar;43.646388999999999;25.381981000000000;542;46;256;21;15;-335;551;25;-185;-947
171040;12.09.2020 09:28;12.09.2020;09:28:52;GPS;5;4175;100;7;01.lut;43.675663000000000;25.193811000000000;6;0;61;24;-180;-142;-162;441;-993;119
171040;12.09.2020 09:58;12.09.2020;09:58:26;GPS;4;4178;100;2;01.wrz;43.676918000000001;25.190152999999999;9;42;262;25;110;161;575;-55;-873;-1329
171040;12.09.2020 10:28;12.09.2020;10:28:16;GPS;5;4178;100;0;01.lip;43.732177999999998;24.989564999999999;552;62;291;24;391;135;626;-95;-134;-1009
171040;12.09.2020 10:58;12.09.2020;10:58:23;GPS;9;4178;100;0;01.lut;43.732052000000003;24.805996000000000;13;0;326;26;-215;-303;82;-107;-1028;-78
171040;12.09.2020 11:27;12.09.2020;11:27:54;GPS;8;4178;100;0;01.lut;43.732101000000000;24.806273999999998;63;0;250;25;44;370;3;-503;-564;631
171040;12.09.2020 11:58;12.09.2020;11:58:00;GPS;5;4175;100;0;01.lip;43.732112999999998;24.805861000000000;-12;0;209;23;-231;-211;227;231;-912;355
171040;12.09.2020 12:28;12.09.2020;12:28:14;GPS;9;4178;100;0;1.0;43.732170000000004;24.806077999999999;17;0;117;29;-191;29;330;99;-1012;0
171040;12.09.2020 12:58;12.09.2020;12:58:14;GPS;9;4181;100;0;0.9;43.732154999999999;24.806184999999999;19;0;160;29;-162;186;185;-164;-973;276
171040;12.09.2020 13:29;12.09.2020;13:29:14;GPS;0;4184;100;0;0.0;0.000000000000000;0.000000000000000;0;0;0;30;-163;-278;-140;-123;-972;300
171040;12.09.2020 13:58;12.09.2020;13:58:15;GPS;4;4175;100;0;01.lut;43.732303999999999;24.806747000000001;14;1;186;27;-160;-266;390;-105;-975;-206
171040;12.09.2020 14:27;12.09.2020;14:27:55;GPS;4;4175;100;0;01.mar;43.732067000000001;24.805906000000000;21;6;211;29;-233;13;55;174;-936;415
171040;12.09.2020 14:59;12.09.2020;14:59:14;GPS;0;4181;100;7;0.0;0.000000000000000;0.000000000000000;0;0;0;33;373;-513;-321;1058;-194;230
171040;12.09.2020 15:28;12.09.2020;15:28:24;GPS;6;4178;100;4;01.lut;43.727871000000000;24.805016999999999;25;1;0;30;-109;-64;494;-29;-996;-163
171040;12.09.2020 15:58;12.09.2020;15:58:44;GPS;5;4178;100;0;01.wrz;43.732269000000002;24.806318000000001;31;0;61;25;-168;119;308;-146;-865;-256
171040;12.09.2020 16:29;12.09.2020;16:29:14;GPS;5;4173;100;0;03.wrz;43.732292000000001;24.806355000000000;17;1;3;24;27;-89;-389;231;-984;813
171040;12.09.2020 16:33;12.09.2020;16:33:54;GPS;5;4170;100;0;04.sie;43.732422000000000;24.806633000000001;18;2;343;24;-177;-205;-154;197;-968;-77
171040;13.09.2020 04:01;13.09.2020;04:01:54;GPS;0;4164;100;0;0.0;0.000000000000000;0.000000000000000;0;0;0;19;-116;225;261;-111;-870;-247
171040;13.09.2020 04:31;13.09.2020;04:31:54;GPS;0;4159;100;0;0.0;0.000000000000000;0.000000000000000;0;0;0;20;-186;-136;-148;77;-969;336
171040;13.09.2020 05:01;13.09.2020;05:01:54;GPS;0;4156;100;0;0.0;0.000000000000000;0.000000000000000;0;0;0;20;-154;202;100;32;-926;-101
171040;13.09.2020 05:31;13.09.2020;05:31:54;GPS;0;4153;100;0;0.0;0.000000000000000;0.000000000000000;0;0;0;20;-91;-467;-55;281;-985;68
171040;13.09.2020 06:01;13.09.2020;06:01:05;GPS;12;4150;100;0;0.8;43.732413999999999;24.806405999999999;19;0;49;18;-189;129;44;-43;-977;-231
171040;13.09.2020 06:30;13.09.2020;06:30:30;GPS;10;4150;100;0;0.9;43.732478999999998;24.806486000000000;24;0;84;19;-194;4;-102;-165;-1183;225
171040;13.09.2020 07:00;13.09.2020;07:00:33;GPS;9;4150;100;0;1.0;43.732464000000000;24.806677000000001;11;0;137;18;-206;-281;251;-165;-996;-35
171040;13.09.2020 07:30;13.09.2020;07:30:32;GPS;6;4153;100;0;01.sie;43.732306999999999;24.806829000000000;14;2;175;27;189;-30;676;-292;-662;-668
171040;13.09.2020 08:00;13.09.2020;08:00:37;GPS;7;4153;100;0;01.maj;43.732460000000003;24.806770000000000;21;0;223;29;91;-267;626;-188;-619;-743
171040;13.09.2020 08:30;13.09.2020;08:30:37;GPS;6;4153;100;0;01.sie;43.732353000000003;24.806844999999999;18;10;168;28;-109;-229;484;25;-989;-176
171040;13.09.2020 09:00;13.09.2020;09:00:38;GPS;5;4153;100;0;01.lut;43.732529000000000;24.806559000000000;-2;0;201;27;-162;167;244;-7;-989;-199
171040;13.09.2020 09:30;13.09.2020;09:30:44;GPS;6;4153;100;0;01.mar;43.732418000000003;24.806774000000001;23;0;159;27;47;-584;-55;465;-818;425
171040;13.09.2020 10:00;13.09.2020;10:00:32;GPS;6;4150;100;0;01.sty;43.732323000000001;24.807044999999999;44;0;69;29;-82;243;314;-166;-921;-368
171040;13.09.2020 10:30;13.09.2020;10:30:54;GPS;5;4150;100;0;01.lut;43.732059000000000;24.807286999999999;76;11;184;29;-164;-407;145;102;-998;205
171040;13.09.2020 11:00;13.09.2020;11:00:54;GPS;7;4150;100;0;1.0;43.732211999999997;24.806774000000001;4;1;168;31;-157;-217;-182;222;-989;91
171040;13.09.2020 11:31;13.09.2020;11:31:03;GPS;10;4150;100;1;1.0;43.732491000000003;24.806650000000001;22;0;138;33;-130;230;42;-145;-1002;45
171040;13.09.2020 12:00;13.09.2020;12:00:32;GPS;10;4150;100;0;0.9;43.714630000000000;24.782537000000001;737;53;254;24;239;157;617;-46;-167;-1064
171040;13.09.2020 12:30;13.09.2020;12:30:29;GPS;8;4150;100;0;01.lut;43.739632000000000;24.824269999999999;500;51;279;27;369;117;641;-4;-353;-931
171040;13.09.2020 13:00;13.09.2020;13:00:33;GPS;6;4153;100;0;01.lip;43.803913000000001;24.744509000000001;385;53;319;24;469;-1;662;2;-197;-947
171040;13.09.2020 13:30;13.09.2020;13:30:33;GPS;6;4156;100;0;01.sie;43.733238000000000;24.810538999999999;334;48;219;27;-19;48;556;62;-311;-987
171040;13.09.2020 14:00;13.09.2020;14:00:56;GPS;5;4159;100;0;01.sie;43.727856000000003;24.807337000000000;14;0;265;28;212;-597;410;1863;-1451;56
171040;13.09.2020 14:31;13.09.2020;14:31:05;GPS;5;4159;100;0;01.wrz;43.728141999999998;24.807199000000001;-23;0;267;28;-150;-376;-62;141;-994;78
171040;13.09.2020 15:00;13.09.2020;15:00:45;GPS;5;4159;100;6;01.lip;43.727798000000000;24.807494999999999;5;1;139;28;-159;141;296;22;-1007;-127
171040;13.09.2020 15:31;13.09.2020;15:31:53;GPS;5;4161;100;0;02.kwi;43.728251999999998;24.808695000000000;-61;4;314;28;-12;-453;-205;126;-508;-81
171040;13.09.2020 16:01;13.09.2020;16:01:53;GPS;0;4159;100;0;0.0;0.000000000000000;0.000000000000000;0;0;0;27;89;-543;-190;974;-1262;48
171040;13.09.2020 16:31;13.09.2020;16:31:53;GPS;0;4153;100;0;0.0;0.000000000000000;0.000000000000000;0;0;0;27;105;-14;-420;11;-999;816
171040;13.09.2020 17:00;13.09.2020;17:00:45;GPS;6;4150;100;0;1.0;43.724411000000003;24.806787000000000;28;0;230;24;-227;24;36;269;-970;153
171040;14.09.2020 04:04;14.09.2020;04:04:10;GPS;0;4147;100;0;0.0;0.000000000000000;0.000000000000000;0;0;0;18;-203;12;-71;262;-943;131
171040;14.09.2020 04:34;14.09.2020;04:34:10;GPS;0;4142;99;0;0.0;0.000000000000000;0.000000000000000;0;0;0;16;-81;-507;202;1519;-380;34
171040;14.09.2020 05:04;14.09.2020;05:04:10;GPS;0;4136;98;2;0.0;0.000000000000000;0.000000000000000;0;0;0;19;-25;-532;-55;350;-647;102
171040;14.09.2020 05:34;14.09.2020;05:34:10;GPS;0;4136;98;7;0.0;0.000000000000000;0.000000000000000;0;0;0;20;-148;135;336;851;-1209;219
171040;14.09.2020 06:04;14.09.2020;06:04:10;GPS;0;4136;98;0;0.0;0.000000000000000;0.000000000000000;0;0;0;20;-105;-484;78;160;-1000;14
171040;14.09.2020 06:34;14.09.2020;06:34:10;GPS;0;4142;99;6;0.0;0.000000000000000;0.000000000000000;0;0;0;21;-229;-87;271;-169;-792;545
171040;14.09.2020 07:04;14.09.2020;07:04:09;GPS;3;4142;99;0;02.cze;43.727795000000000;24.807691999999999;113;0;33;20;-205;-1;-72;-14;-985;-134
171040;14.09.2020 07:33;14.09.2020;07:33:15;GPS;8;4142;99;5;1.0;43.729027000000002;24.806868000000001;32;0;120;33;-210;-250;-35;-42;-1004;-95
171040;14.09.2020 08:02;14.09.2020;08:02:47;GPS;7;4153;100;3;01.sty;43.728977000000000;24.806849000000000;16;0;110;34;-161;-360;289;-12;-996;-152
171040;14.09.2020 08:33;14.09.2020;08:33:05;GPS;6;4156;100;4;01.lut;43.728465999999997;24.806018999999999;29;0;200;30;-194;-348;143;-46;-1010;-52
171040;14.09.2020 09:02;14.09.2020;09:02:46;GPS;5;4161;100;0;01.kwi;43.728397000000001;24.806238000000000;28;0;21;35;-181;-106;397;20;-1015;53
171040;14.09.2020 09:32;14.09.2020;09:32:54;GPS;5;4164;100;0;01.lip;43.727958999999998;24.804155000000002;175;38;146;30;58;-308;593;21;-140;-1062
171040;14.09.2020 10:03;14.09.2020;10:03:06;GPS;5;4167;100;0;01.sie;43.727061999999997;24.809571999999999;18;0;201;30;-230;-240;64;24;-975;-193
171040;14.09.2020 10:32;14.09.2020;10:32:47;GPS;5;4167;100;1;2.0;43.726540000000000;24.808873999999999;9;0;179;27;-178;-75;-159;221;-987;107
171040;14.09.2020 11:02;14.09.2020;11:02:55;GPS;5;4170;100;5;01.sie;43.726807000000001;24.809320000000000;19;0;29;31;-162;173;6;16;-1021;57
171040;14.09.2020 11:32;14.09.2020;11:32:48;GPS;4;4173;100;0;01.sie;43.726982000000000;24.808807000000002;-32;1;324;31;-118;140;389;-172;-993;-81
171040;14.09.2020 12:03;14.09.2020;12:03:05;GPS;6;4175;100;0;01.mar;43.726334000000001;24.809092000000000;0;1;156;31;-176;162;46;-50;-1000;-83
171040;14.09.2020 12:32;14.09.2020;12:32:47;GPS;5;4173;100;0;01.cze;43.727607999999996;24.808503999999999;39;47;300;24;433;20;664;238;-803;-2048
171040;14.09.2020 13:03;14.09.2020;13:03:05;GPS;7;4173;100;0;1.0;43.727927999999999;24.807821000000001;15;0;351;25;-222;-237;-2;-30;-994;-170
171040;14.09.2020 13:32;14.09.2020;13:32:56;GPS;4;4173;100;0;2.0;43.728127000000001;24.807922000000001;-5;7;342;28;-159;192;65;-81;-1004;-36
171040;14.09.2020 14:02;14.09.2020;14:02:48;GPS;6;4173;100;0;1.0;43.727760000000004;24.807808000000001;21;0;351;23;-86;-513;157;350;-972;-300
171040;14.09.2020 14:33;14.09.2020;14:33:19;GPS;5;4173;100;0;01.maj;43.727809999999998;24.807402000000000;7;3;334;27;-224;58;116;100;-1012;101
171040;14.09.2020 15:03;14.09.2020;15:03:49;GPS;4;4173;100;0;01.cze;43.728329000000002;24.808185999999999;-44;1;47;26;113;-293;627;-129;-592;-792
171040;14.09.2020 15:33;14.09.2020;15:33:05;GPS;5;4170;100;0;01.sty;43.727908999999997;24.807915000000001;20;0;332;26;-148;125;348;-44;-1009;-24
171040;14.09.2020 16:02;14.09.2020;16:02:54;GPS;4;4170;100;0;01.kwi;43.727924000000002;24.807852000000000;35;3;314;27;-123;246;90;-173;-995;-46
171040;14.09.2020 16:30;14.09.2020;16:30:09;GPS;4;4167;100;0;01.lip;43.728020000000001;24.807960999999999;52;5;37;23;-228;-166;-27;-176;-985;-131
171040;15.09.2020 04:05;15.09.2020;04:05:27;GPS;0;4161;100;0;0.0;0.000000000000000;0.000000000000000;0;0;0;17;-248;-40;115;-163;-877;-243
171040;15.09.2020 04:35;15.09.2020;04:35:27;GPS;0;4156;100;0;0.0;0.000000000000000;0.000000000000000;0;0;0;19;-221;-226;-20;-93;-990;-123
171040;15.09.2020 05:05;15.09.2020;05:05:27;GPS;0;4153;100;0;0.0;0.000000000000000;0.000000000000000;0;0;0;17;-144;-230;436;-266;-1131;65
171040;15.09.2020 05:35;15.09.2020;05:35:27;GPS;0;4147;100;0;0.0;0.000000000000000;0.000000000000000;0;0;0;18;-137;89;399;217;-1085;-775
171040;15.09.2020 06:04;15.09.2020;06:04:39;GPS;4;4147;100;8;01.sie;43.727764000000001;24.808005999999999;65;0;185;19;-115;-177;-253;237;-970;215
171040;15.09.2020 06:34;15.09.2020;06:34:09;GPS;5;4150;100;0;01.sie;43.728088000000000;24.807407000000001;-23;1;167;24;-93;165;406;-25;-749;-638
171040;15.09.2020 07:05;15.09.2020;07:05:06;GPS;6;4153;100;2;01.maj;43.727927999999999;24.807718000000001;11;0;120;26;64;-94;638;234;-776;-571
171040;15.09.2020 07:34;15.09.2020;07:34:06;GPS;6;4153;100;0;01.cze;43.727961999999998;24.807713000000000;23;1;347;26;-76;142;448;22;-859;-530
171040;15.09.2020 08:04;15.09.2020;08:04:11;GPS;7;4156;100;0;01.cze;43.728107000000001;24.807590000000001;-3;1;357;26;-197;-327;216;352;-899;379
171040;15.09.2020 08:34;15.09.2020;08:34:05;GPS;6;4156;100;0;01.lut;43.727817999999999;24.807808000000001;39;2;303;29;-170;-278;363;115;-1009;65
171040;15.09.2020 09:04;15.09.2020;09:04:16;GPS;7;4159;100;0;01.sty;43.727856000000003;24.807932000000001;20;0;268;32;-41;0;556;140;-890;-427
171040;15.09.2020 09:34;15.09.2020;09:34:35;GPS;7;4159;100;0;01.maj;43.727939999999997;24.807753000000002;14;0;130;31;-198;-338;61;-36;-1008;-97
171040;15.09.2020 10:04;15.09.2020;10:04:03;GPS;7;4156;100;2;01.maj;43.727856000000003;24.807918999999998;25;0;111;32;-71;-473;321;393;-550;-709
171040;15.09.2020 10:34;15.09.2020;10:34:10;GPS;7;4159;100;0;01.mar;43.727947000000000;24.807991000000001;36;0;10;32;-162;-275;378;-4;-1009;-34
171040;15.09.2020 11:04;15.09.2020;11:04:16;GPS;6;4159;100;0;01.cze;43.727901000000003;24.807791000000002;41;1;253;30;-240;-216;102;121;-907;-410
171040;15.09.2020 11:34;15.09.2020;11:34:04;GPS;6;4159;100;6;01.lip;43.727733999999998;24.807065999999999;24;3;238;26;-99;271;102;-489;-1142;-419
171040;15.09.2020 12:04;15.09.2020;12:04:14;GPS;7;4161;100;0;01.maj;43.731068000000000;24.807430000000000;602;32;348;22;430;-233;675;39;-147;-975
171040;15.09.2020 12:34;15.09.2020;12:34:04;GPS;6;4164;100;0;01.cze;43.731876000000000;24.816374000000000;656;32;134;24;33;-383;536;71;-218;-1152
171040;15.09.2020 13:04;15.09.2020;13:04:15;GPS;9;4167;100;2;0.9;43.729553000000003;24.799187000000000;25;0;284;33;-182;-176;-150;-11;-1005;14
171040;15.09.2020 13:34;15.09.2020;13:34:04;GPS;8;4173;100;1;1.0;43.729553000000003;24.804440000000000;60;2;312;35;-179;-378;168;16;-1004;-118
171040;15.09.2020 14:04;15.09.2020;14:04:15;GPS;7;4175;100;2;0.8;43.730179000000000;24.805323000000001;25;0;182;33;-223;-35;285;-36;-991;239
171040;15.09.2020 14:34;15.09.2020;14:34:04;GPS;7;4178;100;1;0.8;43.730224999999997;24.805332000000000;14;0;51;34;-193;-356;116;-21;-1023;-76
171040;15.09.2020 15:04;15.09.2020;15:04:35;GPS;9;4178;100;0;1.0;43.730133000000002;24.805433000000001;32;0;180;33;169;291;493;-975;-219;-171
171040;15.09.2020 15:34;15.09.2020;15:34:03;GPS;9;4175;100;0;1.0;43.732353000000003;24.806767000000001;16;0;283;25;-231;34;122;383;-935;206
171040;15.09.2020 16:04;15.09.2020;16:04:10;GPS;7;4173;100;0;01.sty;43.732441000000001;24.806656000000000;22;0;144;22;-219;69;160;242;-983;-13
171040;15.09.2020 16:28;15.09.2020;16:28:35;GPS;6;4173;100;0;01.mar;43.732295999999998;24.806325999999999;23;1;280;22;-164;-191;-179;-294;-852;396
171040;16.09.2020 04:06;16.09.2020;04:06:20;GPS;0;4167;100;0;0.0;0.000000000000000;0.000000000000000;0;0;0;16;151;-635;-48;213;-482;53
171040;16.09.2020 04:36;16.09.2020;04:36:20;GPS;0;4159;100;0;0.0;0.000000000000000;0.000000000000000;0;0;0;17;-128;-230;-221;424;-1025;-194
171040;16.09.2020 05:06;16.09.2020;05:06:20;GPS;0;4159;100;0;0.0;0.000000000000000;0.000000000000000;0;0;0;18;559;355;-97;151;-195;-240
171040;16.09.2020 05:36;16.09.2020;05:36:20;GPS;0;4153;100;0;0.0;0.000000000000000;0.000000000000000;0;0;0;18;-154;-411;27;44;-932;290
171040;16.09.2020 06:06;16.09.2020;06:06:20;GPS;0;4150;100;0;0.0;0.000000000000000;0.000000000000000;0;0;0;19;-18;-332;530;1284;-515;-715
171040;16.09.2020 06:36;16.09.2020;06:36:20;GPS;0;4150;100;0;0.0;0.000000000000000;0.000000000000000;0;0;0;19;-231;-207;20;-9;-882;-322
171040;16.09.2020 07:06;16.09.2020;07:06:20;GPS;0;4150;100;0;0.0;0.000000000000000;0.000000000000000;0;0;0;27;-163;-370;271;-19;-983;-202
171040;16.09.2020 07:35;16.09.2020;07:35:14;GPS;8;4153;100;3;01.sty;43.729370000000003;24.806473000000000;33;1;86;32;-173;-364;239;-22;-1000;-140
171040;16.09.2020 08:04;16.09.2020;08:04:57;GPS;6;4164;100;0;01.lut;43.729359000000002;24.806539999999998;30;0;327;32;127;-57;661;71;-746;-640
171040;16.09.2020 08:35;16.09.2020;08:35:15;GPS;7;4164;100;4;01.lut;43.732933000000003;24.795359000000001;18;1;121;33;-195;-329;30;11;-991;-154
171040;16.09.2020 09:05;16.09.2020;09:05:00;GPS;6;4175;100;4;01.sty;43.732979000000000;24.795458000000000;0;0;342;35;-196;-343;147;-57;-1001;-107
171040;16.09.2020 09:35;16.09.2020;09:35:37;GPS;10;4178;100;4;01.lut;43.728713999999997;24.818138000000001;701;26;0;23;255;-228;682;86;-369;-896
171040;16.09.2020 10:04;16.09.2020;10:04:57;GPS;10;4175;100;0;01.kwi;43.722434999999997;24.802890999999999;233;65;222;24;164;344;416;-142;28;-1098
171040;16.09.2020 10:35;16.09.2020;10:35:03;GPS;6;4178;100;0;01.cze;43.715961000000000;24.836361000000000;909;40;332;23;441;-72;682;-10;-265;-958
171040;16.09.2020 11:04;16.09.2020;11:04:55;GPS;6;4181;100;0;01.kwi;43.730541000000002;24.833753999999999;243;66;272;25;410;326;462;-2;-128;-1036
171040;16.09.2020 11:35;16.09.2020;11:35:14;GPS;9;4181;100;0;01.sty;43.745109999999997;24.815909999999999;1026;77;134;25;-92;-202;510;-33;-434;-1199
171040;16.09.2020 12:05;16.09.2020;12:05:00;GPS;9;4181;100;0;1.0;43.726467000000000;24.805819000000000;268;27;181;25;-44;-382;472;10;-437;-1080
171040;16.09.2020 12:35;16.09.2020;12:35:15;GPS;5;4181;100;0;01.mar;43.726531999999999;24.810013000000001;26;2;174;27;-160;-149;433;49;-1023;7
171040;16.09.2020 13:05;16.09.2020;13:05:44;GPS;8;4175;100;0;01.mar;43.726802999999997;24.810006999999999;34;0;169;24;-211;86;72;0;-990;-220
171040;16.09.2020 13:34;16.09.2020;13:34:55;GPS;7;4173;100;0;01.lip;43.726523999999998;24.809971000000001;6;4;163;28;-143;-166;456;-45;-1011;-70
171040;16.09.2020 14:05;16.09.2020;14:05:29;GPS;8;4173;100;0;01.cze;43.726612000000003;24.809930999999999;13;0;307;29;-217;-300;94;-63;-982;-206
171040;16.09.2020 14:35;16.09.2020;14:35:27;GPS;5;4173;100;0;01.cze;43.731597999999998;24.816734000000000;31;0;219;28;-180;-342;266;-25;-1012;-31
171040;16.09.2020 15:04;16.09.2020;15:04:57;GPS;5;4170;100;0;01.kwi;43.731430000000003;24.816792000000000;30;2;283;25;-203;-321;51;-87;-1010;-7
171040;16.09.2020 15:35;16.09.2020;15:35:07;GPS;5;4170;100;0;01.lut;43.724533000000001;24.801894999999998;27;5;131;27;82;-488;483;163;-718;-902
171040;16.09.2020 16:06;16.09.2020;16:06:20;GPS;0;4167;100;0;0.0;0.000000000000000;0.000000000000000;0;0;0;25;-202;113;157;203;-1080;-583
171040;16.09.2020 16:35;16.09.2020;16:35:14;GPS;6;4164;100;0;01.lut;43.724224000000000;24.806763000000000;35;1;129;26;-210;-272;-11;-116;-988;-114
171040;17.09.2020 04:07;17.09.2020;04:07:27;GPS;0;4161;100;0;0.0;0.000000000000000;0.000000000000000;0;0;0;18;-154;-11;-186;-182;-908;430
171040;17.09.2020 04:37;17.09.2020;04:37:27;GPS;0;4153;100;0;0.0;0.000000000000000;0.000000000000000;0;0;0;18;-177;-321;-62;302;-594;1693
171040;17.09.2020 05:07;17.09.2020;05:07:27;GPS;0;4150;100;0;0.0;0.000000000000000;0.000000000000000;0;0;0;18;-149;152;308;-36;-1122;-100
171040;17.09.2020 05:37;17.09.2020;05:37:27;GPS;0;4147;100;0;0.0;0.000000000000000;0.000000000000000;0;0;0;19;-191;81;-45;-21;-950;-215
171040;17.09.2020 06:07;17.09.2020;06:07:27;GPS;0;4145;99;0;0.0;0.000000000000000;0.000000000000000;0;0;0;19;-117;111;-176;-177;-917;304
171040;17.09.2020 06:37;17.09.2020;06:37:27;GPS;0;4145;99;0;0.0;0.000000000000000;0.000000000000000;0;0;0;19;-208;-71;-88;-27;-962;-178
171040;17.09.2020 07:06;17.09.2020;07:06:35;GPS;7;4142;99;0;01.mar;43.727879000000001;24.807732000000001;40;0;341;20;-115;254;148;-202;-1005;81
171040;17.09.2020 07:36;17.09.2020;07:36:04;GPS;6;4145;99;1;01.lut;43.732272999999999;24.806324000000000;34;0;112;22;-187;-215;361;-163;-991;-50
171040;17.09.2020 08:06;17.09.2020;08:06:09;GPS;4;4147;100;4;01.lip;43.732388000000000;24.806605999999999;-38;1;150;21;-41;182;-219;-397;-235;247
171040;17.09.2020 08:36;17.09.2020;08:36:42;GPS;4;4153;100;0;2.0;43.732334000000002;24.806608000000001;15;0;65;21;-185;-150;-146;2047;-579;-988
171040;17.09.2020 09:06;17.09.2020;09:06:35;GPS;9;4156;100;0;01.sty;43.732104999999997;24.806265000000000;13;0;127;27;-147;-277;409;-12;-1005;-99
171040;17.09.2020 09:36;17.09.2020;09:36:03;GPS;6;4156;100;0;01.mar;43.732379999999999;24.806677000000001;25;0;169;27;-192;-357;153;-44;-1010;72
171040;17.09.2020 10:06;17.09.2020;10:06:02;GPS;6;4159;100;3;01.lut;43.733097000000001;24.842144000000001;751;61;112;22;257;-426;602;-65;-79;-1031
171040;17.09.2020 10:36;17.09.2020;10:36:02;GPS;6;4161;100;3;01.mar;43.728225999999999;25.043479999999999;380;51;94;22;263;-453;585;17;-63;-1130
171040;17.09.2020 11:06;17.09.2020;11:06:42;GPS;8;4167;100;0;01.kwi;43.664211000000002;25.201653000000000;460;29;30;26;359;-305;665;-42;-229;-861
171040;17.09.2020 11:36;17.09.2020;11:36:03;GPS;8;4170;100;4;01.maj;43.677059000000000;25.228292000000000;29;1;278;33;-212;-111;331;211;-789;-813
171040;17.09.2020 12:06;17.09.2020;12:06:14;GPS;8;4175;100;2;01.sty;43.677612000000003;25.228048000000001;18;1;300;35;-170;-397;165;34;-1022;-36
171040;17.09.2020 12:36;17.09.2020;12:36:03;GPS;8;4178;100;3;1.0;43.675117000000000;25.228161000000000;17;1;340;34;-167;26;386;-146;-1000;53
171040;17.09.2020 13:06;17.09.2020;13:06:28;GPS;5;4181;100;0;01.lip;43.675666999999997;25.198575999999999;77;26;92;30;202;-237;674;37;-85;-953
171040;17.09.2020 13:36;17.09.2020;13:36:56;GPS;6;4184;100;0;01.lut;43.678375000000003;25.193186000000001;17;4;297;32;-150;-428;64;129;-1005;-62
171040;17.09.2020 14:06;17.09.2020;14:06:07;GPS;6;4173;100;0;01.lut;43.678821999999997;25.193203000000000;41;1;102;24;-192;10;345;84;-953;105
171040;17.09.2020 14:36;17.09.2020;14:36:35;GPS;6;4173;100;0;01.mar;43.684361000000003;25.199144000000000;7;0;165;24;-198;-50;-116;253;-975;90
171040;17.09.2020 15:06;17.09.2020;15:06:05;GPS;6;4173;100;0;01.mar;43.685367999999997;25.199497000000001;-25;5;150;21;-191;-208;-116;300;-1538;-846
171040;17.09.2020 15:36;17.09.2020;15:36:09;GPS;5;4173;100;0;01.kwi;43.685371000000004;25.199486000000000;11;2;141;21;-210;80;30;-478;-1585;364
171040;17.09.2020 16:06;17.09.2020;16:06:17;GPS;5;4170;100;0;01.maj;43.685184000000000;25.199358000000000;7;1;59;20;-162;-408;66;758;-1187;-15
171040;17.09.2020 16:23;17.09.2020;16:23:53;GPS;5;4170;100;0;01.cze;43.685074000000000;25.199809999999999;34;1;267;20;-181;-354;244;1059;-1152;-82
171040;18.09.2020 04:06;18.09.2020;04:06:21;GPS;0;4159;100;0;0.0;0.000000000000000;0.000000000000000;0;0;0;20;-152;44;410;-206;-903;261
171040;18.09.2020 05:05;18.09.2020;05:05:15;GPS;6;4153;100;4;1.0;43.674956999999999;25.183508000000000;19;0;295;19;-217;-206;-42;-65;-988;-154
171040;18.09.2020 06:05;18.09.2020;06:05:30;GPS;10;4167;100;4;0.9;43.674926999999997;25.183592000000001;17;0;112;25;-174;-375;220;-19;-1008;-20
171040;18.09.2020 07:04;18.09.2020;07:04:59;GPS;7;4184;100;4;01.sty;43.674725000000002;25.182531000000001;23;1;182;29;-205;-325;118;-96;-1003;-71
171040;18.09.2020 08:05;18.09.2020;08:05:09;GPS;5;4187;100;3;2.0;43.674767000000003;25.182528000000001;19;1;68;29;-172;-331;302;22;-1016;28
171040;18.09.2020 09:05;18.09.2020;09:05:14;GPS;9;4187;100;5;0.9;43.674965000000000;25.183157000000001;25;0;293;32;-207;-135;-102;-5;-1006;-86
171040;18.09.2020 10:05;18.09.2020;10:05:14;GPS;8;4187;100;2;01.lut;43.674953000000002;25.183274999999998;26;0;319;32;-187;-327;259;-68;-1009;-28
171040;18.09.2020 11:05;18.09.2020;11:05:15;GPS;8;4184;100;1;1.0;43.675018000000001;25.183188999999999;21;0;140;32;-183;-94;-156;276;-977;127
171040;18.09.2020 12:05;18.09.2020;12:05:15;GPS;5;4181;100;0;01.kwi;43.677394999999997;25.193352000000001;20;0;295;27;-174;-261;365;-27;-1011;26
171040;18.09.2020 13:05;18.09.2020;13:05:15;GPS;5;4175;100;0;0.9;43.673672000000003;25.184479000000000;12;0;339;29;-146;-292;400;-51;-994;-155
171040;18.09.2020 14:05;18.09.2020;14:05:29;GPS;12;4178;100;0;0.7;43.673752000000000;25.184505000000001;14;0;99;29;-196;-282;292;-121;-1006;-14
171040;18.09.2020 15:05;18.09.2020;15:05:02;GPS;6;4178;100;0;01.mar;43.677447999999998;25.193290999999999;31;2;113;21;-144;-278;412;185;-1110;55
171040;18.09.2020 16:05;18.09.2020;16:05:11;GPS;12;4175;100;0;0.7;43.680270999999998;25.185870999999999;25;0;119;21;-164;-57;426;40;-1018;-42
171040;18.09.2020 16:21;18.09.2020;16:21:10;GPS;11;4173;100;0;0.8;43.680340000000001;25.185637000000000;48;0;181;22;-129;-71;477;50;-983;-124
171040;19.09.2020 04:08;19.09.2020;04:08:08;GPS;6;4173;100;0;01.lip;43.674511000000003;25.193182000000000;20;3;84;14;-156;-229;421;-121;-987;-146
171040;19.09.2020 05:07;19.09.2020;05:07:15;GPS;7;4167;100;0;01.kwi;43.674492000000001;25.192865000000001;18;0;162;15;-134;-156;473;88;-997;-105
171040;19.09.2020 06:07;19.09.2020;06:07:15;GPS;6;4167;100;0;01.sty;43.676617000000000;25.193552000000000;30;0;76;15;-132;-458;110;180;-983;208
171040;19.09.2020 07:07;19.09.2020;07:07:15;GPS;6;4173;100;0;01.mar;43.674911000000002;25.192730000000001;8;0;268;19;-106;192;-111;-85;-1090;19
171040;19.09.2020 08:07;19.09.2020;08:07:15;GPS;7;4175;100;1;01.sty;43.678570000000001;25.181692000000002;471;27;139;17;208;-282;663;15;-37;-775
171040;19.09.2020 09:07;19.09.2020;09:07:45;GPS;7;4178;100;0;01.sty;43.667679000000000;25.182628999999999;26;0;288;21;-197;-260;-72;15;-1003;-64
171040;19.09.2020 10:07;19.09.2020;10:07:14;GPS;5;4175;100;0;01.lut;43.668266000000003;25.182666999999999;91;0;353;23;-197;-336;195;-72;-998;25
171040;19.09.2020 11:07;19.09.2020;11:07:12;GPS;4;4175;100;0;01.wrz;43.667431000000001;25.182549000000002;34;5;184;23;-207;-254;280;-248;-973;-129
171040;19.09.2020 12:07;19.09.2020;12:07:35;GPS;8;4175;100;0;0.9;43.667675000000003;25.182628999999999;27;0;92;26;-165;-304;354;-72;-999;-120
171040;19.09.2020 13:07;19.09.2020;13:07:04;GPS;8;4175;100;0;0.9;43.667808999999998;25.182442000000002;36;1;148;25;-198;-344;99;-55;-1013;-126
171040;19.09.2020 14:07;19.09.2020;14:07:04;GPS;6;4175;100;0;01.mar;43.671241999999999;25.184528000000000;10;0;318;28;-164;-384;236;25;-998;-100
171040;19.09.2020 15:07;19.09.2020;15:07:16;GPS;5;4178;100;1;01.cze;43.675094999999999;25.192684000000000;2;0;218;28;-163;188;151;-121;-948;-308
171040;19.09.2020 16:07;19.09.2020;16:07:15;GPS;4;4178;100;0;01.cze;43.668221000000003;25.182687999999999;28;1;248;21;-176;-369;226;-16;-1007;-31
171040;19.09.2020 16:19;19.09.2020;16:19:30;GPS;4;4173;100;0;01.maj;43.668503000000001;25.182846000000001;13;1;12;20;-171;-397;147;-51;-1041;12
171040;20.09.2020 04:09;20.09.2020;04:09:29;GPS;0;4167;100;0;0.0;0.000000000000000;0.000000000000000;0;0;0;15;-122;-457;17;154;-968;278
171040;20.09.2020 05:08;20.09.2020;05:08:35;GPS;10;4164;100;0;0.7;43.674393000000002;25.183176000000000;23;0;324;10;-105;-192;503;157;-969;-188
171040;20.09.2020 06:08;20.09.2020;06:08:04;GPS;8;4167;100;2;01.sty;43.674441999999999;25.183147000000002;25;3;331;21;-113;-65;494;36;-988;-170
171040;20.09.2020 07:08;20.09.2020;07:08:07;GPS;6;4178;100;7;01.lip;43.678516000000002;25.177693999999999;15;2;119;28;-214;-189;-64;-50;-1006;-117
171040;20.09.2020 08:08;20.09.2020;08:08:35;GPS;9;4187;100;6;1.0;43.678635000000000;25.177638999999999;21;0;239;32;-201;-235;-76;9;-1007;-83
171040;20.09.2020 09:08;20.09.2020;09:08:10;GPS;7;4184;100;0;01.mar;43.667847000000002;25.183001000000001;28;9;178;21;-202;88;8;137;-998;48
171040;20.09.2020 10:08;20.09.2020;10:08:07;GPS;5;4178;100;0;01.maj;43.668197999999997;25.182559999999999;79;11;258;25;68;-244;624;-281;-446;-827
171040;20.09.2020 11:08;20.09.2020;11:08:35;GPS;7;4178;100;0;01.mar;43.667870000000001;25.182810000000000;19;0;317;25;-207;-324;128;-152;-992;6
171040;20.09.2020 12:08;20.09.2020;12:08:08;GPS;6;4175;100;0;01.maj;43.667876999999997;25.182976000000000;23;2;210;25;-212;-231;-48;-68;-996;-71
171040;20.09.2020 13:08;20.09.2020;13:08:35;GPS;9;4178;100;2;0.9;43.667991999999998;25.182859000000001;33;0;157;29;-197;-303;-20;15;-1003;-98
171040;20.09.2020 14:08;20.09.2020;14:08:04;GPS;8;4184;100;0;1.0;43.675975999999999;25.193777000000001;4;0;337;26;147;-397;591;87;-624;-761
171040;20.09.2020 15:08;20.09.2020;15:08:11;GPS;6;4178;100;2;01.sty;43.674492000000001;25.193096000000001;17;0;246;27;-145;216;150;-101;-1012;29
171040;20.09.2020 16:09;20.09.2020;16:09:28;GPS;4;4181;100;0;01.kwi;43.683472000000002;25.193643999999999;15;1;69;17;-183;-189;-144;87;-989;99
171040;20.09.2020 16:16;20.09.2020;16:16:21;GPS;4;4173;100;0;01.mar;43.683571000000001;25.193795999999999;14;1;81;18;-113;-231;479;-117;-912;-311
171040;21.09.2020 04:10;21.09.2020;04:10:39;GPS;0;4170;100;0;0.0;0.000000000000000;0.000000000000000;0;0;0;15;-121;244;163;-224;-977;196
171040;21.09.2020 05:10;21.09.2020;05:10:39;GPS;0;4167;100;0;0.0;0.000000000000000;0.000000000000000;0;0;0;15;-173;148;0;12;-961;420
171040;21.09.2020 06:09;21.09.2020;06:09:36;GPS;8;4167;100;5;1.0;43.673774999999999;25.184557000000002;21;0;273;25;-163;-402;198;38;-1009;-70
171040;21.09.2020 07:09;21.09.2020;07:09:14;GPS;7;4184;100;0;01.sty;43.673808999999999;25.184429000000002;22;1;277;27;-95;-354;431;42;-610;-774
171040;21.09.2020 08:09;21.09.2020;08:09:27;GPS;5;4184;100;0;2.0;43.675609999999999;25.186212999999999;9;2;81;23;65;119;580;37;-673;-745
171040;21.09.2020 09:09;21.09.2020;09:09:24;GPS;5;4178;100;1;01.kwi;43.675612999999998;25.186326999999999;8;1;89;26;-169;179;94;-20;-1014;-8
171040;21.09.2020 10:09;21.09.2020;10:09:24;GPS;4;4178;100;0;01.maj;43.675426000000002;25.186157000000001;6;2;162;25;-224;-74;-49;-125;-988;-168
171040;21.09.2020 11:09;21.09.2020;11:09:44;GPS;6;4175;100;1;01.maj;43.675488000000001;25.185921000000000;37;0;65;26;-121;-446;251;146;-917;-364
171040;21.09.2020 12:09;21.09.2020;12:09:36;GPS;5;4175;100;0;01.kwi;43.675570999999998;25.186115000000001;22;0;121;26;-111;24;475;-194;-988;-115
171040;21.09.2020 13:09;21.09.2020;13:09:18;GPS;5;4173;100;0;2.0;43.675682000000002;25.185639999999999;77;3;13;27;-162;-412;91;67;-1006;80
171040;21.09.2020 14:09;21.09.2020;14:09:52;GPS;5;4175;100;0;01.cze;43.682251000000001;25.193809999999999;-215;0;246;22;-190;136;60;228;-1145;827
171040;21.09.2020 15:10;21.09.2020;15:10:38;GPS;0;4173;100;0;0.0;0.000000000000000;0.000000000000000;0;0;0;22;-189;-122;-143;-46;-1028;-18
171040;21.09.2020 16:10;21.09.2020;16:10:38;GPS;0;4167;100;0;0.0;0.000000000000000;0.000000000000000;0;0;0;20;-177;-387;115;17;-984;325
171040;21.09.2020 17:09;21.09.2020;17:09:40;GPS;9;4167;100;0;0.9;43.679549999999999;25.185907000000000;27;0;311;24;275;97;651;-90;-498;-845
171040;22.09.2020 04:11;22.09.2020;04:11:28;GPS;0;4161;100;0;0.0;0.000000000000000;0.000000000000000;0;0;0;15;307;-5;687;60;-488;-808
171040;22.09.2020 05:11;22.09.2020;05:11:05;GPS;7;4156;100;0;01.lip;43.678780000000003;25.189734999999999;42;42;194;11;45;308;381;24;-101;-1103
171040;22.09.2020 06:10;22.09.2020;06:10:04;GPS;6;4159;100;5;01.mar;43.674793000000001;25.183288999999998;57;2;329;26;-207;-304;193;-142;-991;-95
171040;22.09.2020 07:10;22.09.2020;07:10:12;GPS;8;4170;100;0;1.0;43.675635999999997;25.186001000000001;-23;0;196;22;-170;-218;399;-88;-1000;-45
171040;22.09.2020 08:10;22.09.2020;08:10:18;GPS;6;4170;100;0;01.lut;43.675468000000002;25.186219999999999;16;1;153;22;-186;-340;244;-99;-990;-166
171040;22.09.2020 09:10;22.09.2020;09:10:35;GPS;6;4170;100;0;01.sty;43.675612999999998;25.186150000000001;16;0;77;27;-140;-300;402;22;-1014;-54
171040;22.09.2020 10:10;22.09.2020;10:10:35;GPS;6;4170;100;0;01.kwi;43.675612999999998;25.186070999999998;16;0;50;27;-210;-312;66;-114;-998;23
171040;22.09.2020 11:10;22.09.2020;11:10:07;GPS;5;4170;100;0;01.maj;43.676071000000000;25.185974000000002;-30;0;292;27;-178;-293;330;-137;-980;-194
171040;22.09.2020 12:10;22.09.2020;12:10:36;GPS;5;4170;100;0;01.mar;43.675659000000003;25.186074999999999;33;0;117;27;136;-189;663;6;-715;-711
171040;22.09.2020 13:10;22.09.2020;13:10:08;GPS;5;4170;100;0;01.lut;43.675598000000001;25.186073000000000;-5;2;317;26;-152;-61;445;-198;-980;-74
171040;22.09.2020 14:11;22.09.2020;14:11:28;GPS;0;4167;100;0;0.0;0.000000000000000;0.000000000000000;0;0;0;22;-151;-392;-34;320;-1131;1361
171040;22.09.2020 15:11;22.09.2020;15:11:27;GPS;4;4164;100;0;02.lut;43.680107000000000;25.192893999999999;4;1;345;21;-221;-160;297;229;-965;279
171040;22.09.2020 16:10;22.09.2020;16:10:35;GPS;8;4161;100;0;1.0;43.679667999999999;25.187643000000001;14;0;313;22;-143;209;37;-136;-1001;-29
171040;22.09.2020 16:13;22.09.2020;16:13:29;GPS;8;4159;100;0;1.0;43.679710000000000;25.187681000000001;27;2;124;21;-120;244;59;-213;-975;-92
171040;23.09.2020 04:13;23.09.2020;04:13:02;GPS;0;4159;100;0;0.0;0.000000000000000;0.000000000000000;0;0;0;11;-92;-500;42;696;-434;548
171040;23.09.2020 05:13;23.09.2020;05:13:02;GPS;0;4153;100;0;0.0;0.000000000000000;0.000000000000000;0;0;0;14;-115;-434;299;76;-914;-326
171040;23.09.2020 06:12;23.09.2020;06:12:05;GPS;7;4150;100;5;01.sty;43.674244000000002;25.183691000000000;24;0;275;24;-53;-93;-325;-325;-863;454
171040;23.09.2020 07:11;23.09.2020;07:11:48;GPS;5;4156;100;0;01.sie;43.674267000000000;25.183678000000000;19;0;177;25;-163;190;157;-63;-993;-141
171040;23.09.2020 08:12;23.09.2020;08:12:05;GPS;7;4161;100;1;01.lut;43.668354000000001;25.194693000000001;29;0;6;26;-203;-304;239;-23;-1008;163
171040;23.09.2020 09:11;23.09.2020;09:11:38;GPS;5;4167;100;0;2.0;43.674816000000000;25.192905000000000;31;0;78;29;-76;62;499;71;-885;-350
171040;23.09.2020 10:12;23.09.2020;10:12:03;GPS;5;4170;100;0;01.cze;43.673157000000003;25.194451999999998;0;0;292;27;-127;213;-22;-179;-984;-36
171040;23.09.2020 11:12;23.09.2020;11:12:05;GPS;7;4167;100;0;1.0;43.673042000000002;25.194148999999999;26;0;117;28;-125;148;370;-152;-1008;0
171040;23.09.2020 12:11;23.09.2020;12:11:48;GPS;4;4167;100;0;01.kwi;43.673366999999999;25.194284000000000;61;7;25;28;-165;-404;141;40;-1008;-86
171040;23.09.2020 13:12;23.09.2020;13:12:05;GPS;4;4167;100;0;01.wrz;43.681038000000001;25.192962999999999;28;0;65;23;-120;-462;198;158;-943;-161
171040;23.09.2020 14:13;23.09.2020;14:13:02;GPS;0;4164;100;0;0.0;0.000000000000000;0.000000000000000;0;0;0;22;-98;-317;457;87;-926;-266
171040;23.09.2020 15:12;23.09.2020;15:12:05;GPS;8;4164;100;0;0.9;43.674655999999999;25.192872999999999;19;0;294;31;-183;-356;228;-46;-999;-144
171040;23.09.2020 16:11;23.09.2020;16:11:55;GPS;5;4164;100;0;01.wrz;43.668129000000000;25.183014000000000;-31;1;199;21;-168;135;-43;-166;-1022;-36
171040;24.09.2020 04:13;24.09.2020;04:13:56;GPS;0;4161;100;0;0.0;0.000000000000000;0.000000000000000;0;0;0;19;-147;186;256;-250;-1121;7
171040;24.09.2020 05:13;24.09.2020;05:13:56;GPS;0;4153;100;0;0.0;0.000000000000000;0.000000000000000;0;0;0;18;-129;236;116;-158;-999;-71
171040;24.09.2020 06:13;24.09.2020;06:13:05;GPS;10;4153;100;2;0.8;43.674849999999999;25.192919000000000;20;0;17;25;-240;-112;231;-269;-943;256
171040;24.09.2020 07:12;24.09.2020;07:12:31;GPS;6;4159;100;0;01.kwi;43.674872999999998;25.192902000000000;25;0;210;28;-188;79;-60;5;-1015;-14
171040;24.09.2020 08:12;24.09.2020;08:12:44;GPS;7;4161;100;0;1.0;43.680481000000000;25.184560999999999;13;1;307;26;-163;-237;401;-72;-1004;-66
171040;24.09.2020 09:13;24.09.2020;09:13:12;GPS;11;4161;100;0;1.0;43.680416000000001;25.184567999999999;-5;0;142;28;-196;-116;369;63;-604;-778
171040;24.09.2020 10:12;24.09.2020;10:12:37;GPS;8;4161;100;0;1.0;43.680549999999997;25.184628000000000;28;1;40;29;-131;-142;478;-38;-1013;-99
171040;24.09.2020 11:12;24.09.2020;11:12:33;GPS;5;4161;100;0;01.sie;43.680508000000003;25.184691999999998;79;2;90;30;-131;-115;478;-64;-1001;-119
171040;24.09.2020 12:12;24.09.2020;12:12:44;GPS;9;4164;100;0;1.0;43.680492000000001;25.184559000000000;21;1;256;31;-169;-280;364;-47;-1006;-66
171040;24.09.2020 13:13;24.09.2020;13:13:05;GPS;9;4164;100;0;0.8;43.680458000000002;25.184628000000000;23;0;202;32;-172;-262;373;14;-1017;21
171040;24.09.2020 14:12;24.09.2020;14:12:44;GPS;6;4161;100;0;01.cze;43.675144000000003;25.192609999999998;8;0;120;27;-183;14;-125;-12;-1007;24
171040;24.09.2020 15:12;24.09.2020;15:12:52;GPS;5;4167;100;0;01.sty;43.672835999999997;25.183716000000000;-36;0;283;29;-176;170;148;1;-1020;-26
171040;24.09.2020 16:11;24.09.2020;16:11:23;GPS;0;4170;100;0;0.0;0.000000000000000;0.000000000000000;0;0;0;24;-121;-53;486;206;-1035;-339
171040;24.09.2020 17:10;24.09.2020;17:10:35;GPS;8;4164;100;0;01.lut;43.667915000000001;25.182832999999999;30;0;123;24;-135;132;366;-14;-995;-180
171040;25.09.2020 04:14;25.09.2020;04:14:43;GPS;0;4161;100;0;0.0;0.000000000000000;0.000000000000000;0;0;0;15;-202;-29;-98;-1565;-935;46
171040;25.09.2020 05:13;25.09.2020;05:13:54;GPS;6;4156;100;0;01.mar;43.678150000000002;25.193145999999999;12;0;45;16;26;-413;513;71;-534;-849
171040;25.09.2020 06:13;25.09.2020;06:13:30;GPS;4;4161;100;5;01.cze;43.679962000000003;25.178550999999999;10;0;110;29;-176;-314;312;-123;-969;-240
171040;25.09.2020 07:13;25.09.2020;07:13:45;GPS;9;4178;100;6;0.8;43.679862999999997;25.178488000000002;32;0;144;30;-209;-159;-89;-76;-1007;-71
171040;25.09.2020 08:13;25.09.2020;08:13:52;GPS;8;4184;100;1;01.lip;43.671452000000002;25.187960000000000;336;31;64;23;138;-171;667;-122;-215;-1067
171040;25.09.2020 09:13;25.09.2020;09:13:44;GPS;7;4175;100;0;01.cze;43.675533000000001;25.186091999999999;23;0;347;28;-130;-26;467;-26;-1005;-112
171040;25.09.2020 10:13;25.09.2020;10:13:44;GPS;8;4175;100;0;01.mar;43.675598000000001;25.186138000000000;21;2;4;28;-132;223;206;-193;-992;136
171040;25.09.2020 11:13;25.09.2020;11:13:45;GPS;5;4175;100;0;01.sie;43.675713000000002;25.186232000000000;34;0;20;29;-167;-312;343;-41;-998;-98
171040;25.09.2020 12:13;25.09.2020;12:13:53;GPS;5;4173;100;0;01.sie;43.675758000000002;25.186274000000001;-7;0;350;31;-178;-385;160;54;-958;-254
171040;25.09.2020 13:14;25.09.2020;13:14:17;GPS;5;4173;100;0;01.maj;43.681393000000000;25.192862000000002;34;0;139;25;-99;195;355;-196;-981;-64
171040;25.09.2020 14:13;25.09.2020;14:13:48;GPS;8;4170;100;0;01.sty;43.682017999999999;25.192983999999999;30;3;321;25;-167;145;-33;-95;-1008;-36
171040;25.09.2020 15:13;25.09.2020;15:13:33;GPS;5;4170;100;0;01.maj;43.679034999999999;25.193038999999999;19;0;34;23;308;-513;537;276;-256;-806
171040;25.09.2020 16:08;25.09.2020;16:08:35;GPS;8;4167;100;0;1.0;43.667980000000000;25.182831000000000;52;0;355;24;-138;222;174;-96;-1008;-26
171040;26.09.2020 04:16;26.09.2020;04:16:05;GPS;0;4164;100;0;0.0;0.000000000000000;0.000000000000000;0;0;0;19;-167;139;-40;-180;-983;-159
171040;26.09.2020 05:16;26.09.2020;05:16:05;GPS;0;4159;100;0;0.0;0.000000000000000;0.000000000000000;0;0;0;20;-244;-50;89;134;-884;-396
171040;26.09.2020 06:15;26.09.2020;06:15:14;GPS;9;4156;100;1;0.8;43.674751000000001;25.183357000000001;22;0;119;23;-168;-324;321;-36;-1010;-68
171040;26.09.2020 07:15;26.09.2020;07:15:01;GPS;8;4156;100;0;1.0;43.677422000000000;25.193307999999998;13;4;357;24;-185;-272;332;-96;-1039;-21
171040;26.09.2020 08:14;26.09.2020;08:14:44;GPS;5;4156;100;0;01.lip;43.678725999999997;25.193207000000001;28;2;27;20;-50;-179;556;-17;-964;-278
171040;26.09.2020 09:14;26.09.2020;09:14:41;GPS;5;4159;100;0;01.cze;43.678108000000002;25.193203000000000;-12;0;332;23;-154;-343;336;4;-1006;-113
171040;26.09.2020 10:15;26.09.2020;10:15:14;GPS;6;4159;100;0;01.wrz;43.678108000000002;25.193042999999999;30;2;276;23;-123;92;420;-94;-992;-136
171040;26.09.2020 11:16;26.09.2020;11:16:05;GPS;0;4156;100;0;0.0;0.000000000000000;0.000000000000000;0;0;0;23;-147;-380;-67;306;-872;165
171040;26.09.2020 12:15;26.09.2020;12:15:05;GPS;7;4161;100;0;1.0;43.674767000000003;25.192636000000000;13;0;266;29;-203;-131;-115;10;-1013;-57
171040;26.09.2020 13:14;26.09.2020;13:14:40;GPS;6;4167;100;0;01.mar;43.675068000000003;25.192619000000001;12;0;165;27;-173;-169;407;-80;-1010;-15
171040;26.09.2020 14:15;26.09.2020;14:15:05;GPS;7;4167;100;0;01.sty;43.674568000000001;25.192886000000001;5;0;252;27;-212;-62;-85;-141;-994;-98
171040;26.09.2020 15:14;26.09.2020;15:14:40;GPS;5;4164;100;0;01.mar;43.673737000000003;25.184332000000001;15;0;339;17;-159;149;285;-35;-1007;-37
171040;26.09.2020 16:06;26.09.2020;16:06:54;GPS;5;4161;100;0;01.wrz;43.667572000000000;25.182734000000000;27;0;293;17;-225;8;1;-220;-967;-281
171040;27.09.2020 04:17;27.09.2020;04:17:24;GPS;0;4159;100;0;0.0;0.000000000000000;0.000000000000000;0;0;0;16;-226;-14;250;-603;-1195;-82
171040;27.09.2020 05:17;27.09.2020;05:17:24;GPS;0;4156;100;0;0.0;0.000000000000000;0.000000000000000;0;0;0;14;-216;-92;-81;139;-997;-122
171040;27.09.2020 06:16;27.09.2020;06:16:16;GPS;4;4153;100;0;01.wrz;43.673408999999999;25.184577999999998;25;0;120;23;-183;156;88;6;-1009;-46
171040;27.09.2020 07:16;27.09.2020;07:16:35;GPS;7;4161;100;0;0.9;43.674137000000002;25.189304000000000;22;0;155;20;-150;24;416;21;-1010;-82
171040;27.09.2020 08:16;27.09.2020;08:16:35;GPS;10;4164;100;0;01.sty;43.568489000000000;25.405556000000001;382;64;84;17;95;106;601;-4;-241;-1279
171040;27.09.2020 09:15;27.09.2020;09:15:59;GPS;6;4164;100;1;01.cze;43.287517999999999;25.736999999999998;1200;70;160;11;6;-42;599;-5;-83;-997
171040;27.09.2020 10:16;27.09.2020;10:16:14;GPS;7;4170;100;1;2.0;42.944797999999999;26.029135000000000;1865;28;76;10;47;229;482;-78;-243;-1033
171040;27.09.2020 11:16;27.09.2020;11:16:15;GPS;7;4173;100;0;1.0;42.625858000000001;26.405117000000001;1458;69;148;13;1;-128;593;-51;-139;-1066
171040;27.09.2020 12:16;27.09.2020;12:16:20;GPS;5;4175;100;0;01.mar;42.302776000000001;26.695557000000001;1509;68;153;11;27;-212;609;99;-95;-1082
171040;27.09.2020 13:16;27.09.2020;13:16:15;GPS;5;4175;100;0;01.sie;42.038746000000003;27.002991000000002;2072;71;152;12;30;-274;589;4;-24;-1132
171040;27.09.2020 14:16;27.09.2020;14:16:15;GPS;7;4178;100;3;01.sty;41.740372000000001;27.252583000000001;1347;44;135;14;36;-163;613;-27;-80;-955
171040;27.09.2020 15:16;27.09.2020;15:16:59;GPS;6;4184;100;0;01.mar;41.557789000000000;27.676891000000001;539;29;28;24;221;-254;664;-84;-323;-1147
171040;27.09.2020 15:54;27.09.2020;15:54:43;GPS;9;4178;100;0;1.0;41.448951999999998;27.779831000000001;156;0;202;24;-140;209;87;-60;-1013;20
