S/N,UUID,Transmitting time,Collecting time,Longitude,Latitude,Altitude,Geoid height,Speed,Course,Satellite used,Positioning mode,GPS time consumption,HorAccuracy,VerAccuracy,HDOP,VDOP,Data source
6188,db0bbc637a3a,2021-08-08T00:06:01.309Z,2021-08-01T08:06:53Z,200,200,0,0,0,0,0,0,150,0,0,0,0,1
6188,db0bbc637a3a,2021-08-08T00:06:01.309Z,2021-08-01T12:06:54Z,200,200,0,0,0,0,0,0,151,0,0,0,0,1
6188,db0bbc637a3a,2021-08-08T00:06:01.309Z,2021-08-01T16:06:53Z,200,200,0,0,0,0,0,0,150,0,0,0,0,1
6188,db0bbc637a3a,2021-08-08T00:06:01.309Z,2021-08-02T07:59:12Z,200,200,0,0,0,0,0,0,150,0,0,0,0,1
6188,db0bbc637a3a,2021-08-08T00:06:01.31Z,2021-08-03T05:36:31Z,18.7845472,52.1688512,113.82,153.6,0.1,214.1,6,2,33,0,0,1.17,0.87,1
6188,db0bbc637a3a,2021-08-08T00:06:01.31Z,2021-08-03T08:04:44Z,200,200,0,0,0,0,0,0,20,0,0,0,0,1
6188,db0bbc637a3a,2021-08-08T00:06:01.311Z,2021-08-03T20:03:54Z,200,200,0,0,0,0,0,0,20,0,0,0,0,1
6188,db0bbc637a3a,2021-08-08T00:06:01.311Z,2021-08-03T20:04:44Z,200,200,0,0,0,0,0,0,21,0,0,0,0,1
6188,db0bbc637a3a,2021-08-08T00:06:01.311Z,2021-08-03T20:05:09Z,200,200,0,0,0,0,0,0,21,0,0,0,0,1
6188,db0bbc637a3a,2021-08-08T00:06:01.311Z,2021-08-04T12:02:16Z,200,200,0,0,0,0,0,0,21,0,0,0,0,1
6188,db0bbc637a3a,2021-08-08T00:06:01.311Z,2021-08-04T12:04:44Z,200,200,0,0,0,0,0,0,20,0,0,0,0,1
6188,db0bbc637a3a,2021-08-08T00:06:01.311Z,2021-08-04T16:06:54Z,200,200,0,0,0,0,0,0,150,0,0,0,0,1
6188,db0bbc637a3a,2021-08-08T00:06:01.311Z,2021-08-05T00:02:59Z,18.7847728,52.1685056,-78.18,-38.4,0,211.4,5,1,90,0,0,1.24,0.95,1
6188,db0bbc637a3a,2021-08-08T00:06:01.312Z,2021-08-05T00:05:36Z,18.7844368,52.1687744,110.26,150.03,0.1,10.4,5,2,73,0,0,1.24,0.95,1
6188,db0bbc637a3a,2021-08-08T00:06:01.313Z,2021-08-05T08:03:27Z,200,200,0,0,0,0,0,0,21,0,0,0,0,1
6188,db0bbc637a3a,2021-08-08T00:06:02.93Z,2021-08-05T08:04:45Z,200,200,0,0,0,0,0,0,21,0,0,0,0,1
6188,db0bbc637a3a,2021-08-08T00:06:02.93Z,2021-08-07T08:02:19Z,200,200,0,0,0,0,0,0,150,0,0,0,0,1
6188,db0bbc637a3a,2021-08-08T00:06:02.93Z,2021-08-07T08:06:54Z,200,200,0,0,0,0,0,0,150,0,0,0,0,1
6188,db0bbc637a3a,2021-08-08T00:06:02.93Z,2021-08-07T08:09:29Z,200,200,0,0,0,0,0,0,151,0,0,0,0,1
6188,db0bbc637a3a,2021-08-08T00:06:02.931Z,2021-08-07T12:04:45Z,200,200,0,0,0,0,0,0,21,0,0,0,0,1
6188,db0bbc637a3a,2021-08-08T00:06:02.931Z,2021-08-07T16:06:54Z,200,200,0,0,0,0,0,0,150,0,0,0,0,1
6188,db0bbc637a3a,2021-08-08T00:06:02.931Z,2021-08-07T20:04:38Z,18.7099168,52.3981856,110.85,150.17,0.2,0,5,2,49,0,0,2.08,0.99,1
6188,db0bbc637a3a,2021-08-08T00:06:02.932Z,2021-08-08T00:05:24Z,18.7098832,52.3980576,144.62,183.94,0.2,203.9,6,2,63,0,0,1.29,0.98,1
6188,db0bbc637a3a,2021-08-08T11:35:15.807Z,2021-08-08T04:04:55Z,18.7098864,52.3973088,149.42,188.74,0.7,259.2,4,2,35,0,0,1.82,0.88,1
6188,db0bbc637a3a,2021-08-08T11:35:15.808Z,2021-08-08T08:04:53Z,18.7028336,52.3953664,-73.57,-34.24,0.1,336.2,4,2,35,0,0,2.22,0.99,1
6188,db0bbc637a3a,2021-08-08T11:35:15.809Z,2021-08-08T11:31:30Z,18.7987312,52.619216,323.65,362.42,10.2,302.3,5,1,128,0,0,4.78,9.38,2
6188,db0bbc637a3a,2021-08-08T11:35:15.81Z,2021-08-08T11:33:53Z,18.8028528,52.6266912,447.32,486.07,10,321.8,6,2,14,0,0,1.5,0.97,2
6188,db0bbc637a3a,2021-08-08T11:39:28.853Z,2021-08-08T11:38:56Z,18.7851008,52.6402048,142.22,180.94,11.2,294.8,5,2,11,0,0,1.6,0.97,1
6188,db0bbc637a3a,2021-08-08T13:29:24.521Z,2021-08-08T11:42:02Z,18.7833792,52.6399264,88.34,127.06,0.3,39.9,5,2,11,0,0,1.63,0.97,1
6188,db0bbc637a3a,2021-08-08T13:29:24.522Z,2021-08-08T11:45:15Z,18.7836336,52.639888,92.39,131.12,0.2,98.4,5,2,15,0,0,1.66,0.96,1
6188,db0bbc637a3a,2021-08-08T13:29:24.523Z,2021-08-08T12:04:39Z,18.7834704,52.6399232,88.65,127.38,0.5,315.9,5,2,17,0,0,1.98,0.96,1
6188,db0bbc637a3a,2021-08-08T13:29:24.524Z,2021-08-08T13:28:30Z,18.7834752,52.6399488,84.45,123.17,0.1,35.4,6,2,69,0,0,1.03,0.86,2
6188,db0bbc637a3a,2021-08-08T13:32:33.353Z,2021-08-08T13:30:27Z,18.7834976,52.63992,89.79,128.51,0.1,0,5,2,11,0,0,1.1,0.93,2
6188,db0bbc637a3a,2021-08-08T13:36:16.068Z,2021-08-08T13:33:32Z,18.7834016,52.6399008,92.76,131.49,0,0,5,2,16,0,0,1.1,0.94,1
6188,db0bbc637a3a,2021-08-08T13:38:13.331Z,2021-08-08T13:37:38Z,18.7834976,52.6399232,89.36,128.08,0.1,0,5,2,16,0,0,1.1,0.94,1
6188,db0bbc637a3a,2021-08-08T15:01:17.369Z,2021-08-08T13:40:33Z,18.7834704,52.6398912,86.39,125.12,0.2,0,5,2,13,0,0,1.1,0.95,1
6188,db0bbc637a3a,2021-08-08T15:01:17.37Z,2021-08-08T14:58:52Z,18.7827536,52.6400224,84.07,122.79,0,247.5,5,2,91,0,0,3.02,0.93,2
6188,db0bbc637a3a,2021-08-08T15:03:07.906Z,2021-08-08T15:02:27Z,18.782656,52.6399232,84.08,122.8,0,0,5,2,7,0,0,2.95,0.93,2
6188,db0bbc637a3a,2021-08-08T15:11:25.955Z,2021-08-08T15:07:34Z,18.7833584,52.6398048,94.5,133.22,0.1,0,5,2,11,0,0,2.84,0.94,1
6188,db0bbc637a3a,2021-08-08T15:11:25.956Z,2021-08-08T15:09:57Z,18.7833168,52.6399776,85.85,124.58,0.7,307.3,5,2,16,0,0,2.79,0.94,1
6188,db0bbc637a3a,2021-08-08T17:04:41.973Z,2021-08-08T16:05:01Z,18.7834016,52.6399072,102.44,141.16,0.1,72.1,5,2,34,0,0,1.08,0.98,1
6188,db0bbc637a3a,2021-08-08T17:04:41.974Z,2021-08-08T17:03:01Z,18.7828048,52.6400288,81.95,120.67,0,0,5,2,34,0,0,1.43,0.92,2
6188,db0bbc637a3a,2021-08-10T00:05:43.92Z,2021-08-08T17:05:11Z,18.7829824,52.63992,108.12,146.84,0,0,5,2,19,0,0,1.41,0.92,2
6188,db0bbc637a3a,2021-08-10T00:05:43.921Z,2021-08-08T20:05:00Z,18.7901872,52.6452384,87.97,126.68,0.1,0,7,2,35,0,0,0.99,0.87,1
6188,db0bbc637a3a,2021-08-10T00:05:43.922Z,2021-08-09T00:04:56Z,18.790224,52.64504,70.15,108.86,0,0,5,2,34,0,0,1.89,0.95,1
6188,db0bbc637a3a,2021-08-10T00:05:43.924Z,2021-08-09T04:04:57Z,18.7828832,52.640256,111.26,149.98,0,0,5,2,36,0,0,1.09,0.92,1
6188,db0bbc637a3a,2021-08-10T00:05:43.925Z,2021-08-09T08:05:38Z,18.7599104,52.6637216,445.64,484.32,1,139.7,5,2,79,0,0,2.11,0.95,1
6188,db0bbc637a3a,2021-08-10T00:05:43.926Z,2021-08-09T12:05:11Z,18.6798096,53.5047584,367.93,404.47,0.1,310,5,2,49,0,0,2.41,0.87,1
6188,db0bbc637a3a,2021-08-10T00:05:43.927Z,2021-08-09T16:05:02Z,18.5329424,52.8722112,296.29,334.6,10.2,162.3,4,2,41,0,0,2.08,0.95,1
6188,db0bbc637a3a,2021-08-10T00:05:43.927Z,2021-08-09T20:04:57Z,18.5201552,52.8471872,92.12,130.5,0.1,0,5,2,39,0,0,1.21,0.86,1
6188,db0bbc637a3a,2021-08-10T00:05:43.929Z,2021-08-10T00:04:52Z,18.5207008,52.8472448,126.4,164.78,0.2,275.1,4,2,30,0,0,1.89,0.99,1
6188,db0bbc637a3a,2021-08-11T00:05:18.925Z,2021-08-10T04:04:56Z,18.5393328,52.8513152,52.79,91.15,0,0,6,2,35,0,0,1.01,0.83,1
6188,db0bbc637a3a,2021-08-11T00:05:18.926Z,2021-08-10T08:05:31Z,18.5294576,52.7878112,165.03,203.55,8.7,219.1,7,2,74,0,0,1.35,2.01,1
6188,db0bbc637a3a,2021-08-11T00:05:18.926Z,2021-08-10T12:05:55Z,18.5533296,52.371984,376.5,415.96,5.6,123.5,8,2,94,0,0,1.02,0.78,1
6188,db0bbc637a3a,2021-08-11T00:05:18.927Z,2021-08-10T16:05:10Z,18.4082048,52.2865952,111.1,150.84,0,92.3,9,2,50,0,0,0.96,0.84,1
6188,db0bbc637a3a,2021-08-11T00:05:18.928Z,2021-08-10T20:04:55Z,18.405688,52.2852096,93.08,132.83,0,99.4,11,2,38,0,0,0.8,0.82,1
6188,db0bbc637a3a,2021-08-11T00:05:18.929Z,2021-08-11T00:04:43Z,18.407688,52.286048,100.46,140.2,0.1,0,7,2,21,0,0,0.82,0.98,1
6188,db0bbc637a3a,2021-08-12T00:05:09.613Z,2021-08-11T04:06:31Z,18.4029472,52.281392,94.62,134.38,0,258.9,8,2,131,0,0,0.88,0.79,1
6188,db0bbc637a3a,2021-08-12T00:05:09.613Z,2021-08-11T08:04:31Z,18.4041984,52.257008,545.34,585.15,10.5,228.5,6,2,13,0,0,1.26,0.94,1
6188,db0bbc637a3a,2021-08-12T00:05:09.614Z,2021-08-11T12:05:55Z,17.889,51.777696,509.1,550.17,6.6,226.3,10,2,93,0,0,0.89,1.04,1
6188,db0bbc637a3a,2021-08-12T00:05:09.615Z,2021-08-11T16:05:16Z,17.4188464,51.4411552,154.74,196.68,0.2,48.6,4,2,56,0,0,2.49,0.97,1
6188,db0bbc637a3a,2021-08-12T00:05:09.616Z,2021-08-11T20:05:25Z,17.4051632,51.4540704,129.7,171.63,0,334.8,9,2,67,0,0,1.13,0.88,1
6188,db0bbc637a3a,2021-08-12T00:05:09.616Z,2021-08-12T00:04:37Z,17.4049952,51.454192,127.75,169.68,0.2,325.3,6,2,15,0,0,1.02,0.94,1
6188,db0bbc637a3a,2021-08-13T00:06:08.598Z,2021-08-12T04:05:55Z,17.4076704,51.4476448,113.9,155.84,0,29.4,8,2,95,0,0,0.89,0.83,1
6188,db0bbc637a3a,2021-08-13T00:06:08.599Z,2021-08-12T08:05:20Z,17.4078032,51.4474528,93.28,135.22,0.2,0,8,1,62,0,0,1.39,0.93,1
6188,db0bbc637a3a,2021-08-13T00:06:08.6Z,2021-08-12T12:05:00Z,16.7463648,50.8538976,546.06,589.19,11.3,244,7,2,38,0,0,1.9,0.85,1
6188,db0bbc637a3a,2021-08-13T00:06:08.601Z,2021-08-12T16:06:01Z,17.1234576,51.4851904,437.94,480.05,6.5,163.3,8,2,101,0,0,1.1,1.39,1
6188,db0bbc637a3a,2021-08-13T00:06:08.602Z,2021-08-12T20:05:19Z,17.126728,51.5615232,103.05,145.06,0,159.7,8,2,61,0,0,1.18,0.82,1
6188,db0bbc637a3a,2021-08-13T00:06:08.603Z,2021-08-13T00:05:33Z,17.1267056,51.5615104,184.45,226.45,0,130.9,9,1,71,0,0,0.79,0.88,1
6188,db0bbc637a3a,2021-08-14T00:07:02.842Z,2021-08-13T04:04:55Z,17.1251104,51.5726368,83.97,125.96,0,39.5,7,2,35,0,0,1.14,0.88,1
6188,db0bbc637a3a,2021-08-14T00:07:02.843Z,2021-08-13T08:04:54Z,17.116392,51.598624,147.39,189.35,0.6,27.3,4,2,37,0,0,1.55,0.96,1
6188,db0bbc637a3a,2021-08-14T00:07:02.844Z,2021-08-13T12:06:38Z,17.489568,51.5374144,240.86,282.61,0,0,4,1,136,0,0,1.77,1,1
6188,db0bbc637a3a,2021-08-14T00:07:02.845Z,2021-08-13T16:06:34Z,17.4889376,51.5376544,115.56,157.3,0.1,268.1,4,2,133,0,0,3.04,0.99,1
6188,db0bbc637a3a,2021-08-14T00:07:02.846Z,2021-08-13T20:05:10Z,17.4944272,51.534656,112.33,154.08,0.1,141.2,5,2,51,0,0,1.19,0.9,1
6188,db0bbc637a3a,2021-08-14T00:07:02.847Z,2021-08-14T00:05:25Z,17.494696,51.5348672,108.34,150.08,0.3,248.4,7,2,63,0,0,1.36,0.93,1
6188,db0bbc637a3a,2021-08-15T00:07:38.921Z,2021-08-14T04:05:49Z,17.493408,51.5349984,-12.43,29.31,0.2,172.9,4,2,89,0,0,1.48,1,1
6188,db0bbc637a3a,2021-08-15T00:07:38.922Z,2021-08-14T08:05:31Z,17.4882864,51.536016,111.98,153.73,0.2,93.8,4,2,73,0,0,1.56,0.97,1
6188,db0bbc637a3a,2021-08-15T00:07:38.923Z,2021-08-14T12:05:01Z,17.4891392,51.5353536,120.58,162.33,0.4,157.8,7,2,40,0,0,1.85,2.09,1
6188,db0bbc637a3a,2021-08-15T00:07:38.924Z,2021-08-14T16:05:50Z,17.4879648,51.5358112,109.88,151.64,0.2,232.6,5,2,90,0,0,3.1,0.96,1
6188,db0bbc637a3a,2021-08-15T00:07:38.925Z,2021-08-14T20:05:49Z,17.4882736,51.5439456,150.53,192.27,0.7,103.1,5,2,90,0,0,2.05,0.78,1
6188,db0bbc637a3a,2021-08-15T00:07:38.926Z,2021-08-15T00:06:53Z,200,200,0,0,0,0,0,0,150,0,0,0,0,1
6188,db0bbc637a3a,2021-08-16T00:05:14.795Z,2021-08-15T04:04:45Z,200,200,0,0,0,0,0,0,21,0,0,0,0,1
6188,db0bbc637a3a,2021-08-16T00:05:14.795Z,2021-08-15T08:05:00Z,17.4880576,51.5365632,121.25,163,0.8,242.5,6,2,42,0,0,2.56,0.89,1
6188,db0bbc637a3a,2021-08-16T00:05:14.796Z,2021-08-15T12:05:00Z,17.4912496,51.538464,104.52,146.27,0,0,7,2,39,0,0,1.03,0.78,1
6188,db0bbc637a3a,2021-08-16T00:05:14.797Z,2021-08-15T16:04:45Z,200,200,0,0,0,0,0,0,21,0,0,0,0,1
6188,db0bbc637a3a,2021-08-16T00:05:14.797Z,2021-08-15T20:06:54Z,200,200,0,0,0,0,0,0,150,0,0,0,0,1
6188,db0bbc637a3a,2021-08-16T00:05:14.797Z,2021-08-16T00:04:44Z,200,200,0,0,0,0,0,0,21,0,0,0,0,1
6188,db0bbc637a3a,2021-08-19T00:07:06.079Z,2021-08-16T04:06:54Z,200,200,0,0,0,0,0,0,150,0,0,0,0,1
6188,db0bbc637a3a,2021-08-19T00:07:06.079Z,2021-08-16T08:06:54Z,200,200,0,0,0,0,0,0,151,0,0,0,0,1
6188,db0bbc637a3a,2021-08-19T00:07:06.079Z,2021-08-16T12:05:40Z,17.4884288,51.5360288,93.46,135.21,0.5,0,7,2,90,0,0,1.81,0.98,1
6188,db0bbc637a3a,2021-08-19T00:07:06.08Z,2021-08-16T16:05:00Z,17.4880032,51.5356704,152.23,193.98,0.2,0,5,2,39,0,0,2.36,0.95,1
6188,db0bbc637a3a,2021-08-19T00:07:06.081Z,2021-08-16T20:05:31Z,17.4923184,51.5348736,153.47,195.22,0.4,12.5,5,2,71,0,0,1.14,0.98,1
6188,db0bbc637a3a,2021-08-19T00:07:06.082Z,2021-08-17T00:06:53Z,200,200,0,0,0,0,0,0,150,0,0,0,0,1
6188,db0bbc637a3a,2021-08-19T00:07:06.083Z,2021-08-17T04:04:59Z,17.4928816,51.534768,168.63,210.38,0.2,274.9,4,2,45,0,0,1.27,0.88,1
6188,db0bbc637a3a,2021-08-19T00:07:06.084Z,2021-08-17T08:04:41Z,17.4889072,51.5367264,96.49,138.24,0.3,336.1,5,2,19,0,0,1.19,0.94,1
6188,db0bbc637a3a,2021-08-19T00:07:06.085Z,2021-08-17T12:05:57Z,17.4973712,51.5407232,159.1,200.84,4.8,215.7,4,2,96,0,0,3.24,0.98,1
6188,db0bbc637a3a,2021-08-19T00:07:06.086Z,2021-08-17T16:04:53Z,17.4893856,51.5378304,164.25,206,0,274.4,5,2,34,0,0,1.29,0.83,1
6188,db0bbc637a3a,2021-08-19T00:07:06.087Z,2021-08-17T20:06:06Z,17.4876416,51.5435616,87.7,129.44,0.1,91.6,4,2,110,0,0,1.13,1,1
6188,db0bbc637a3a,2021-08-19T00:07:06.088Z,2021-08-18T00:06:54Z,200,200,0,0,0,0,0,0,150,0,0,0,0,1
6188,db0bbc637a3a,2021-08-19T00:07:06.088Z,2021-08-18T04:06:01Z,17.489616,51.5381408,130.98,172.73,0,2.8,5,2,101,0,0,1.22,0.86,1
6188,db0bbc637a3a,2021-08-19T00:07:06.089Z,2021-08-18T08:04:55Z,17.4898608,51.5378336,128.15,169.89,0.2,0,8,2,37,0,0,0.93,0.92,1
6188,db0bbc637a3a,2021-08-19T00:07:06.09Z,2021-08-18T12:05:02Z,17.49876,51.5335488,142.51,184.25,1.4,359.2,5,2,40,0,0,1.24,0.81,1
6188,db0bbc637a3a,2021-08-19T00:07:06.091Z,2021-08-18T16:04:51Z,17.488424,51.5438816,186.7,228.44,0.8,354.7,6,1,31,0,0,1.08,0.84,1
6188,db0bbc637a3a,2021-08-19T00:07:06.092Z,2021-08-18T20:05:05Z,17.4880144,51.5443008,258.27,300,0.1,84.2,6,1,90,0,0,1,0.97,1
6188,db0bbc637a3a,2021-08-19T00:07:11.716Z,2021-08-19T00:06:35Z,17.4888912,51.5442848,45.22,86.96,0.2,113.3,5,1,90,0,0,1.05,0.97,1
6188,db0bbc637a3a,2021-08-21T00:06:08.2Z,2021-08-19T04:06:00Z,17.489464,51.5381472,97.32,139.07,2.6,200.8,4,2,90,0,0,5.6,0.96,1
6188,db0bbc637a3a,2021-08-21T00:06:08.201Z,2021-08-19T08:05:08Z,17.4876976,51.5360192,118.51,160.27,0.2,215.7,4,2,41,0,0,1.86,0.99,1
6188,db0bbc637a3a,2021-08-21T00:06:08.202Z,2021-08-19T12:06:55Z,200,200,0,0,0,0,0,0,151,0,0,0,0,1
6188,db0bbc637a3a,2021-08-21T00:06:08.202Z,2021-08-19T16:04:44Z,200,200,0,0,0,0,0,0,21,0,0,0,0,1
6188,db0bbc637a3a,2021-08-21T00:06:08.202Z,2021-08-19T20:06:18Z,17.4884112,51.5435488,152.35,194.09,0.2,188.8,4,2,118,0,0,2.46,0.93,1
6188,db0bbc637a3a,2021-08-21T00:06:08.203Z,2021-08-20T00:05:40Z,17.488424,51.5444576,167.63,209.37,0.4,31.6,6,2,83,0,0,1.42,1.93,1
6188,db0bbc637a3a,2021-08-21T00:06:08.204Z,2021-08-20T04:04:28Z,17.4982144,51.5358528,134.15,175.9,1.9,5.3,5,2,6,0,0,1.73,0.95,1
6188,db0bbc637a3a,2021-08-21T00:06:08.205Z,2021-08-20T08:05:07Z,17.4985344,51.5360672,106.29,148.04,0.4,350.2,5,2,47,0,0,2.29,0.99,1
6188,db0bbc637a3a,2021-08-21T00:06:08.206Z,2021-08-20T12:05:37Z,17.488472,51.5439712,133.37,175.11,0,230.6,5,2,80,0,0,1.22,0.89,1
6188,db0bbc637a3a,2021-08-21T00:06:08.206Z,2021-08-20T16:06:53Z,200,200,0,0,0,0,0,0,150,0,0,0,0,1
6188,db0bbc637a3a,2021-08-21T00:06:08.207Z,2021-08-20T20:04:44Z,17.4883424,51.5408544,-200.38,-158.63,1.6,355.1,5,2,25,0,0,2.48,0.98,1
6188,db0bbc637a3a,2021-08-21T00:06:08.207Z,2021-08-21T00:04:54Z,17.4885888,51.5438752,142.91,184.65,0.2,0,5,2,37,0,0,1.07,0.92,1
6188,db0bbc637a3a,2021-08-22T00:06:01.391Z,2021-08-21T04:04:39Z,17.4968592,51.5350656,147.01,188.76,0,0,5,2,18,0,0,1.63,0.95,1
6188,db0bbc637a3a,2021-08-22T00:06:01.392Z,2021-08-21T08:04:26Z,17.4971888,51.535648,116.77,158.52,0,0,5,2,6,0,0,2.25,0.98,1
6188,db0bbc637a3a,2021-08-22T00:06:01.393Z,2021-08-21T12:04:31Z,17.4877792,51.5416768,406.49,448.23,8.7,318.6,5,2,13,0,0,1.22,0.89,1
6188,db0bbc637a3a,2021-08-22T00:06:01.394Z,2021-08-21T16:05:00Z,17.4816432,51.5432096,122.16,163.91,0.1,0,8,2,38,0,0,0.9,0.84,1
6188,db0bbc637a3a,2021-08-22T00:06:01.395Z,2021-08-21T20:05:25Z,17.4881568,51.5428608,43.09,84.83,1,9,6,2,66,0,0,2.2,0.96,1
6188,db0bbc637a3a,2021-08-22T00:06:01.396Z,2021-08-22T00:05:19Z,17.4872272,51.544448,-12.98,28.75,0.4,155.6,5,1,62,0,0,1.03,0.92,1
6188,db0bbc637a3a,2021-08-23T00:05:45.501Z,2021-08-22T04:05:54Z,17.4897296,51.538144,116.94,158.68,0.1,0,5,2,92,0,0,1.13,0.89,1
6188,db0bbc637a3a,2021-08-23T00:05:45.502Z,2021-08-22T08:05:19Z,17.4966224,51.5339104,-114.79,-73.05,0.1,0,6,1,59,0,0,1.13,0.95,1
6188,db0bbc637a3a,2021-08-23T00:05:45.502Z,2021-08-22T12:04:39Z,17.524976,51.5253344,215.63,257.37,7.8,291.6,6,2,21,0,0,1.15,0.86,1
6188,db0bbc637a3a,2021-08-23T00:05:45.503Z,2021-08-22T16:04:50Z,17.4896144,51.544288,457.59,499.33,0,0,5,2,28,0,0,1.26,0.99,1
6188,db0bbc637a3a,2021-08-23T00:05:45.504Z,2021-08-22T20:05:20Z,17.4883696,51.5437056,117.22,158.96,0.6,355.9,5,2,61,0,0,2.04,0.93,1
6188,db0bbc637a3a,2021-08-23T00:05:45.505Z,2021-08-23T00:05:12Z,17.4876048,51.5441056,90.03,131.77,0,0,5,2,54,0,0,1.04,0.92,1
6188,db0bbc637a3a,2021-08-25T00:06:17.874Z,2021-08-23T04:05:00Z,17.4884048,51.5438752,220.44,262.18,0.2,243.5,5,2,39,0,0,1.16,0.9,1
6188,db0bbc637a3a,2021-08-25T00:06:17.875Z,2021-08-23T08:04:43Z,17.4919904,51.5384864,76.2,117.94,2.9,275.6,5,2,23,0,0,2.69,0.9,1
6188,db0bbc637a3a,2021-08-25T00:06:17.875Z,2021-08-23T12:06:54Z,200,200,0,0,0,0,0,0,150,0,0,0,0,1
6188,db0bbc637a3a,2021-08-25T00:06:17.876Z,2021-08-23T16:04:53Z,17.4980048,51.5341792,161.92,203.67,0.3,311.1,7,1,37,0,0,0.95,0.88,1
6188,db0bbc637a3a,2021-08-25T00:06:17.876Z,2021-08-23T20:05:52Z,17.4944464,51.5351648,184.54,226.29,0,17.7,7,1,91,0,0,1.28,0.9,1
6188,db0bbc637a3a,2021-08-25T00:06:17.877Z,2021-08-24T00:05:31Z,17.4948704,51.5347168,145.05,186.8,0.2,306.7,6,2,72,0,0,1.05,0.93,1
6188,db0bbc637a3a,2021-08-25T00:06:17.877Z,2021-08-24T04:05:19Z,17.4872512,51.5360416,57.31,99.07,0,315.9,9,2,62,0,0,0.89,0.82,1
6188,db0bbc637a3a,2021-08-25T00:06:17.878Z,2021-08-24T08:05:01Z,17.4973264,51.5348896,107.83,149.57,0,190,9,2,39,0,0,0.8,0.83,1
6188,db0bbc637a3a,2021-08-25T00:06:17.879Z,2021-08-24T12:05:25Z,17.487696,51.5373536,125.64,167.39,0,225.8,10,2,66,0,0,0.9,0.82,1
6188,db0bbc637a3a,2021-08-25T00:06:17.879Z,2021-08-24T16:06:29Z,17.4889168,51.5445408,101.06,142.8,0.3,331.2,6,2,132,0,0,1.02,0.86,1
6188,db0bbc637a3a,2021-08-25T00:06:17.88Z,2021-08-24T20:05:31Z,17.4880544,51.5438304,132.86,174.6,1.9,258.5,5,2,69,0,0,1.68,0.91,1
6188,db0bbc637a3a,2021-08-25T00:06:17.881Z,2021-08-25T00:05:40Z,17.4882336,51.5441408,152.28,194.02,0,0,5,2,81,0,0,1.44,0.91,1
6188,db0bbc637a3a,2021-08-26T00:06:09.611Z,2021-08-25T04:05:55Z,17.4848608,51.540624,77.56,119.3,10.9,325.4,8,2,98,0,0,1.29,3.75,1
6188,db0bbc637a3a,2021-08-26T00:06:09.612Z,2021-08-25T08:04:55Z,17.480112,51.5439328,119.52,161.27,0,340.8,6,2,33,0,0,1.11,0.93,1
6188,db0bbc637a3a,2021-08-26T00:06:09.613Z,2021-08-25T12:05:24Z,17.488072,51.5373312,75.35,117.1,0.1,92.7,5,2,66,0,0,2.61,0.93,1
6188,db0bbc637a3a,2021-08-26T00:06:09.613Z,2021-08-25T16:04:55Z,17.4840064,51.5438464,76.06,117.8,0.3,283.6,8,2,38,0,0,1.04,0.89,1
6188,db0bbc637a3a,2021-08-26T00:06:09.614Z,2021-08-25T20:05:52Z,17.4882848,51.5361152,127.27,169.02,0,49.2,5,2,91,0,0,3.88,0.99,1
6188,db0bbc637a3a,2021-08-26T00:06:09.615Z,2021-08-26T00:05:40Z,17.4878176,51.536064,87.48,129.23,0.3,348.1,6,2,80,0,0,2.07,0.9,1
6188,db0bbc637a3a,2021-08-28T00:05:26.984Z,2021-08-26T04:06:28Z,17.4878464,51.537456,108.25,150,0.2,0,3,1,128,0,0,1.55,1,1
6188,db0bbc637a3a,2021-08-28T00:05:26.985Z,2021-08-26T08:06:30Z,17.489432,51.535472,96.11,137.86,0.3,269.6,4,2,129,0,0,1.59,0.95,1
6188,db0bbc637a3a,2021-08-28T00:05:26.986Z,2021-08-26T12:05:54Z,17.4877584,51.5377696,161.05,202.8,0.3,170.9,4,1,94,0,0,2.58,0.99,1
6188,db0bbc637a3a,2021-08-28T00:05:26.987Z,2021-08-26T16:04:45Z,200,200,0,0,0,0,0,0,21,0,0,0,0,1
6188,db0bbc637a3a,2021-08-28T00:05:26.987Z,2021-08-26T20:04:45Z,200,200,0,0,0,0,0,0,21,0,0,0,0,1
6188,db0bbc637a3a,2021-08-28T00:05:26.988Z,2021-08-27T00:06:55Z,200,200,0,0,0,0,0,0,151,0,0,0,0,1
6188,db0bbc637a3a,2021-08-28T00:05:26.988Z,2021-08-27T04:04:44Z,200,200,0,0,0,0,0,0,21,0,0,0,0,1
6188,db0bbc637a3a,2021-08-28T00:05:26.988Z,2021-08-27T08:06:07Z,17.4899232,51.5351552,63.64,105.39,0.6,107.6,4,2,117,0,0,1.6,0.95,1
6188,db0bbc637a3a,2021-08-28T00:05:26.989Z,2021-08-27T12:04:45Z,200,200,0,0,0,0,0,0,21,0,0,0,0,1
6188,db0bbc637a3a,2021-08-28T00:05:26.989Z,2021-08-27T16:04:54Z,17.4870256,51.536752,66.45,108.2,0.1,0,4,2,34,0,0,1.36,0.96,1
6188,db0bbc637a3a,2021-08-28T00:05:26.99Z,2021-08-27T20:05:00Z,17.48764,51.535968,139.27,181.02,0.3,337.2,6,2,43,0,0,0.97,0.92,1
6188,db0bbc637a3a,2021-08-28T00:05:26.991Z,2021-08-28T00:04:57Z,17.4887024,51.5364384,176.55,218.3,0,0,5,2,35,0,0,1.31,0.9,1
6188,db0bbc637a3a,2021-08-29T00:05:35.156Z,2021-08-28T04:04:27Z,17.487816,51.536896,169.45,211.2,0.2,0,7,2,8,0,0,1.03,0.81,1
6188,db0bbc637a3a,2021-08-29T00:05:35.156Z,2021-08-28T08:04:55Z,17.4864528,51.537232,102.41,144.16,0.2,41.9,8,2,37,0,0,1.09,0.79,1
6188,db0bbc637a3a,2021-08-29T00:05:35.157Z,2021-08-28T12:05:01Z,17.4874016,51.536784,93.16,134.91,0.1,50.1,7,2,39,0,0,1.09,0.8,1
6188,db0bbc637a3a,2021-08-29T00:05:35.158Z,2021-08-28T16:05:10Z,17.4865568,51.5362496,111.61,153.36,0,5.3,9,2,49,0,0,0.82,0.86,1
6188,db0bbc637a3a,2021-08-29T00:05:35.159Z,2021-08-28T20:04:44Z,200,200,0,0,0,0,0,0,20,0,0,0,0,1
6188,db0bbc637a3a,2021-08-29T00:05:35.159Z,2021-08-29T00:05:05Z,17.4881408,51.5441216,135.29,177.03,0,25.2,5,2,48,0,0,1.22,0.91,1
6188,db0bbc637a3a,2021-08-31T00:07:17.675Z,2021-08-29T04:04:29Z,17.4872976,51.5363968,137.07,178.82,0.3,109.5,8,2,8,0,0,1.01,0.85,1
6188,db0bbc637a3a,2021-08-31T00:07:17.676Z,2021-08-29T08:04:44Z,200,200,0,0,0,0,0,0,20,0,0,0,0,1
6188,db0bbc637a3a,2021-08-31T00:07:17.676Z,2021-08-29T12:05:01Z,17.4875456,51.5363488,92.68,134.43,0.5,328.5,4,2,43,0,0,1.29,0.93,1
6188,db0bbc637a3a,2021-08-31T00:07:17.677Z,2021-08-29T16:04:44Z,200,200,0,0,0,0,0,0,21,0,0,0,0,1
6188,db0bbc637a3a,2021-08-31T00:07:17.677Z,2021-08-29T20:05:49Z,17.4878048,51.5359648,125.54,167.29,0,52,8,2,89,0,0,1.01,0.76,1
6188,db0bbc637a3a,2021-08-31T00:07:17.677Z,2021-08-30T00:04:55Z,17.4878896,51.5364736,195.19,236.94,0.4,68.5,5,2,38,0,0,1.27,0.81,1
6188,db0bbc637a3a,2021-08-31T00:07:17.678Z,2021-08-30T04:04:44Z,200,200,0,0,0,0,0,0,21,0,0,0,0,1
6188,db0bbc637a3a,2021-08-31T00:07:17.678Z,2021-08-30T08:05:01Z,17.4857888,51.5465824,122.78,164.51,0.4,137,8,2,41,0,0,0.94,0.77,1
6188,db0bbc637a3a,2021-08-31T00:07:17.679Z,2021-08-30T12:05:49Z,17.4968288,51.5341728,87.52,129.27,0.1,0,5,2,92,0,0,1.31,0.9,1
6188,db0bbc637a3a,2021-08-31T00:07:17.68Z,2021-08-30T16:05:19Z,17.496496,51.5345376,108.75,150.5,0.7,64.3,7,2,58,0,0,1.2,0.92,1
6188,db0bbc637a3a,2021-08-31T00:07:17.681Z,2021-08-30T20:05:51Z,17.4882432,51.5442048,140.23,181.97,0,45,4,2,91,0,0,1.79,0.91,1
6188,db0bbc637a3a,2021-08-31T00:07:17.681Z,2021-08-31T00:06:54Z,200,200,0,0,0,0,0,0,150,0,0,0,0,1
6188,db0bbc637a3a,2021-09-03T00:05:19.201Z,2021-08-31T04:06:53Z,200,200,0,0,0,0,0,0,150,0,0,0,0,1
6188,db0bbc637a3a,2021-09-03T00:05:19.201Z,2021-08-31T08:05:54Z,17.4873232,51.536912,135.6,177.35,0,315.6,4,2,101,0,0,1.33,0.99,1
6188,db0bbc637a3a,2021-09-03T00:05:19.202Z,2021-08-31T12:05:00Z,17.4933744,51.5503456,106.57,148.3,0.3,140.1,5,2,38,0,0,1.53,0.94,1
6188,db0bbc637a3a,2021-09-03T00:05:19.204Z,2021-08-31T16:06:53Z,200,200,0,0,0,0,0,0,150,0,0,0,0,1
6188,db0bbc637a3a,2021-09-03T00:05:19.204Z,2021-08-31T20:04:48Z,17.487472,51.5360608,119.94,161.69,0.1,49.1,4,2,31,0,0,1.46,0.85,1
6188,db0bbc637a3a,2021-09-03T00:05:19.205Z,2021-09-01T00:04:40Z,17.4877584,51.5359296,116.19,157.95,0.7,225.4,4,2,18,0,0,1.68,0.93,1
6188,db0bbc637a3a,2021-09-03T00:05:19.206Z,2021-09-01T04:04:45Z,200,200,0,0,0,0,0,0,21,0,0,0,0,1
6188,db0bbc637a3a,2021-09-03T00:05:19.206Z,2021-09-01T08:06:55Z,200,200,0,0,0,0,0,0,151,0,0,0,0,1
6188,db0bbc637a3a,2021-09-03T00:05:19.206Z,2021-09-01T12:06:54Z,200,200,0,0,0,0,0,0,151,0,0,0,0,1
6188,db0bbc637a3a,2021-09-03T00:05:19.206Z,2021-09-01T16:05:00Z,17.48736,51.5369824,111.16,152.91,0.4,7.6,5,2,46,0,0,1.64,0.95,1
6188,db0bbc637a3a,2021-09-03T00:05:19.207Z,2021-09-01T20:05:00Z,17.4886144,51.5437408,121.72,163.46,0.3,338.9,5,2,39,0,0,1.79,0.92,1
6188,db0bbc637a3a,2021-09-03T00:05:19.208Z,2021-09-02T00:05:50Z,17.4885216,51.5437216,42.56,84.3,0.3,156.1,4,1,90,0,0,2.38,0.96,1
6188,db0bbc637a3a,2021-09-03T00:05:19.209Z,2021-09-02T04:04:46Z,200,200,0,0,0,0,0,0,21,0,0,0,0,1
6188,db0bbc637a3a,2021-09-03T00:05:19.209Z,2021-09-02T08:04:44Z,200,200,0,0,0,0,0,0,21,0,0,0,0,1
6188,db0bbc637a3a,2021-09-03T00:05:19.209Z,2021-09-02T12:05:25Z,17.4814912,51.5523424,390.85,432.58,10.9,252.6,6,2,71,0,0,1.54,0.91,1
6188,db0bbc637a3a,2021-09-03T00:05:19.21Z,2021-09-02T16:04:45Z,200,200,0,0,0,0,0,0,21,0,0,0,0,1
6188,db0bbc637a3a,2021-09-03T00:05:19.21Z,2021-09-02T20:04:45Z,200,200,0,0,0,0,0,0,21,0,0,0,0,1
6188,db0bbc637a3a,2021-09-03T00:05:19.21Z,2021-09-03T00:04:45Z,200,200,0,0,0,0,0,0,21,0,0,0,0,1
6188,db0bbc637a3a,2021-09-04T00:05:34.489Z,2021-09-03T04:06:15Z,17.4873088,51.5369504,78.42,120.17,8.1,165.6,6,2,121,0,0,1.33,0.92,1
6188,db0bbc637a3a,2021-09-04T00:05:34.49Z,2021-09-03T08:04:43Z,17.4764784,51.5524896,169.63,211.36,0.1,313.9,4,2,22,0,0,1.49,0.97,1
6188,db0bbc637a3a,2021-09-04T00:05:34.491Z,2021-09-03T12:04:41Z,17.471904,51.5533568,156.89,198.63,0.1,0,5,2,21,0,0,2.14,0.94,1
6188,db0bbc637a3a,2021-09-04T00:05:34.492Z,2021-09-03T16:04:45Z,200,200,0,0,0,0,0,0,21,0,0,0,0,1
6188,db0bbc637a3a,2021-09-04T00:05:34.492Z,2021-09-03T20:04:45Z,200,200,0,0,0,0,0,0,21,0,0,0,0,1
6188,db0bbc637a3a,2021-09-04T00:05:34.492Z,2021-09-04T00:05:07Z,17.4881936,51.543744,105.79,147.53,0.3,34.1,4,2,52,0,0,1.58,0.97,1
6188,db0bbc637a3a,2021-09-06T00:06:08.665Z,2021-09-04T04:04:39Z,17.48612,51.5371488,106.49,148.24,0,0,5,2,18,0,0,1.79,0.96,1
6188,db0bbc637a3a,2021-09-06T00:06:08.666Z,2021-09-04T08:04:45Z,200,200,0,0,0,0,0,0,21,0,0,0,0,1
6188,db0bbc637a3a,2021-09-06T00:06:08.666Z,2021-09-04T12:05:11Z,17.4881424,51.5368928,310.32,352.07,0.5,133.8,5,2,53,0,0,2.22,0.94,1
6188,db0bbc637a3a,2021-09-06T00:06:08.667Z,2021-09-04T16:05:01Z,17.488888,51.5362016,111.66,153.41,0.1,0,8,2,40,0,0,0.92,0.87,1
6188,db0bbc637a3a,2021-09-06T00:06:08.668Z,2021-09-04T20:06:23Z,17.4879424,51.543968,161.44,203.18,2.9,106.8,5,2,124,0,0,2.86,0.92,1
6188,db0bbc637a3a,2021-09-06T00:06:08.669Z,2021-09-05T00:04:54Z,17.488672,51.5440544,162.04,203.78,0.4,27.5,5,2,37,0,0,1.25,0.97,1
6188,db0bbc637a3a,2021-09-06T00:06:08.67Z,2021-09-05T04:05:01Z,17.4889392,51.5360992,111.51,153.26,0.2,323.6,6,2,40,0,0,1.18,0.9,1
6188,db0bbc637a3a,2021-09-06T00:06:08.671Z,2021-09-05T08:04:42Z,17.4881328,51.5361024,-159.23,-117.48,0.4,222.2,5,1,23,0,0,1.04,0.97,1
6188,db0bbc637a3a,2021-09-06T00:06:08.672Z,2021-09-05T12:04:42Z,17.4813296,51.538704,113.68,155.43,0.4,285.9,5,2,25,0,0,1.11,0.98,1
6188,db0bbc637a3a,2021-09-06T00:06:08.673Z,2021-09-05T16:04:34Z,17.50792,51.563184,165.98,207.67,0,0,5,2,12,0,0,1.28,0.93,1
6188,db0bbc637a3a,2021-09-06T00:06:08.674Z,2021-09-05T20:06:54Z,200,200,0,0,0,0,0,0,150,0,0,0,0,1
6188,db0bbc637a3a,2021-09-06T00:06:08.674Z,2021-09-06T00:05:24Z,17.4879728,51.5438432,63.6,105.34,0.1,0,5,2,67,0,0,1.26,0.97,1
6188,db0bbc637a3a,2021-09-07T00:07:43.285Z,2021-09-06T04:04:34Z,17.4872944,51.536512,123.9,165.65,0.3,69,5,2,11,0,0,1.19,0.89,1
6188,db0bbc637a3a,2021-09-07T00:07:43.286Z,2021-09-06T08:04:55Z,17.4864272,51.5374368,-169.5,-127.75,0.1,117.9,5,1,34,0,0,1,0.98,1
6188,db0bbc637a3a,2021-09-07T00:07:43.287Z,2021-09-06T12:06:20Z,17.4846752,51.5372672,254.59,296.34,5.6,326.6,5,2,122,0,0,1.7,1.35,1
6188,db0bbc637a3a,2021-09-07T00:07:43.288Z,2021-09-06T16:05:47Z,17.4888512,51.5437408,163.75,205.49,0,222.2,9,1,90,0,0,0.84,0.88,1
6188,db0bbc637a3a,2021-09-07T00:07:43.289Z,2021-09-06T20:05:55Z,17.4893648,51.5437088,155.96,197.7,0.5,11.9,4,2,93,0,0,2.54,0.98,1
6188,db0bbc637a3a,2021-09-07T00:07:43.29Z,2021-09-07T00:06:54Z,200,200,0,0,0,0,0,0,150,0,0,0,0,1
6188,db0bbc637a3a,2021-09-08T00:05:30.687Z,2021-09-07T04:04:55Z,17.4876688,51.5363936,94.49,136.24,0.2,105.1,4,2,38,0,0,2.28,0.93,1
6188,db0bbc637a3a,2021-09-08T00:05:30.688Z,2021-09-07T08:05:11Z,17.4883024,51.5283584,269.37,311.13,0.1,291.3,4,2,51,0,0,1.62,0.99,1
6188,db0bbc637a3a,2021-09-08T00:05:30.689Z,2021-09-07T12:06:54Z,200,200,0,0,0,0,0,0,150,0,0,0,0,1
6188,db0bbc637a3a,2021-09-08T00:05:30.689Z,2021-09-07T16:04:55Z,17.4898624,51.5359072,79.36,121.11,0,0,10,2,38,0,0,0.85,0.92,1
6188,db0bbc637a3a,2021-09-08T00:05:30.69Z,2021-09-07T20:05:10Z,17.4876256,51.5358432,101.84,143.59,0,235.7,7,2,48,0,0,1.08,0.88,1
6188,db0bbc637a3a,2021-09-08T00:05:30.691Z,2021-09-08T00:05:00Z,17.4875392,51.5359968,93.74,135.49,0.2,0,5,2,40,0,0,1.6,0.9,1
6188,db0bbc637a3a,2021-09-11T00:05:36.472Z,2021-09-08T04:04:44Z,17.4874192,51.5364928,101.54,143.29,0.1,0,5,2,26,0,0,1.3,0.89,1
6188,db0bbc637a3a,2021-09-11T00:05:36.473Z,2021-09-08T08:05:00Z,17.4712704,51.5385056,113.92,155.69,0.1,0,11,2,39,0,0,0.72,0.71,1
6188,db0bbc637a3a,2021-09-11T00:05:36.474Z,2021-09-08T12:05:55Z,17.51924,51.5328032,152.86,194.59,6.3,2.1,6,2,96,0,0,1.42,1.67,1
6188,db0bbc637a3a,2021-09-11T00:05:36.475Z,2021-09-08T16:05:37Z,17.4893136,51.5355808,113.68,155.43,0.1,0,6,2,80,0,0,1.35,0.91,1
6188,db0bbc637a3a,2021-09-11T00:05:36.476Z,2021-09-08T20:06:54Z,200,200,0,0,0,0,0,0,150,0,0,0,0,1
6188,db0bbc637a3a,2021-09-11T00:05:36.476Z,2021-09-09T00:05:31Z,17.4885136,51.5280224,93.48,135.25,0.1,0,5,2,71,0,0,1.24,0.94,1
6188,db0bbc637a3a,2021-09-11T00:05:36.477Z,2021-09-09T04:06:56Z,200,200,0,0,0,0,0,0,151,0,0,0,0,1
6188,db0bbc637a3a,2021-09-11T00:05:36.478Z,2021-09-09T08:04:44Z,200,200,0,0,0,0,0,0,21,0,0,0,0,1
6188,db0bbc637a3a,2021-09-11T00:05:36.478Z,2021-09-09T12:05:54Z,17.495064,51.5312448,118.14,159.89,0.1,50.6,5,2,101,0,0,1.45,0.93,1
6188,db0bbc637a3a,2021-09-11T00:05:36.479Z,2021-09-09T16:06:48Z,17.5009008,51.5330976,73.97,115.71,0.6,9.4,4,1,145,0,0,2.14,0.99,1
6188,db0bbc637a3a,2021-09-11T00:05:36.48Z,2021-09-09T20:04:44Z,200,200,0,0,0,0,0,0,20,0,0,0,0,1
6188,db0bbc637a3a,2021-09-11T00:05:36.48Z,2021-09-10T00:05:33Z,17.5045616,51.5294144,158.81,200.56,0.4,248.2,5,2,74,0,0,1.31,0.95,1
6188,db0bbc637a3a,2021-09-11T00:05:36.482Z,2021-09-10T04:04:44Z,17.50388,51.5282944,83.89,125.64,0.3,140,5,2,27,0,0,2.35,0.96,1
6188,db0bbc637a3a,2021-09-11T00:05:36.483Z,2021-09-10T08:05:48Z,17.5075344,51.5256576,121.16,162.91,0.3,18.9,5,2,87,0,0,1.29,0.94,1
6188,db0bbc637a3a,2021-09-11T00:05:36.484Z,2021-09-10T12:04:44Z,17.5016224,51.5316608,157.48,199.22,0.1,0,5,2,24,0,0,1.4,0.96,1
6188,db0bbc637a3a,2021-09-11T00:05:36.485Z,2021-09-10T16:04:47Z,17.5057424,51.5300064,171.99,213.74,0.3,178.8,5,2,30,0,0,2.07,0.91,1
6188,db0bbc637a3a,2021-09-11T00:05:36.486Z,2021-09-10T20:05:31Z,17.5049776,51.5295232,98.7,140.44,0.2,315.8,9,2,70,0,0,0.79,0.86,1
6188,db0bbc637a3a,2021-09-11T00:05:37.651Z,2021-09-11T00:04:35Z,17.5041984,51.5289504,397.14,438.89,0.1,0,5,2,15,0,0,1.3,0.96,1
6188,db0bbc637a3a,2021-09-12T00:05:56.736Z,2021-09-11T04:06:19Z,17.5045296,51.5294176,131.1,172.84,1.5,353.8,6,2,121,0,0,2.35,2.04,1
6188,db0bbc637a3a,2021-09-12T00:05:56.737Z,2021-09-11T08:04:31Z,17.5106272,51.527392,143.37,185.11,0.6,125,4,2,10,0,0,1.49,0.95,1
6188,db0bbc637a3a,2021-09-12T00:05:56.738Z,2021-09-11T12:04:55Z,17.5816384,51.4849728,560.07,601.82,16.3,37.5,7,2,36,0,0,1.26,0.89,1
6188,db0bbc637a3a,2021-09-12T00:05:56.739Z,2021-09-11T16:05:10Z,17.5062336,51.5269536,106.08,147.83,0,0,10,2,53,0,0,0.91,0.88,1
6188,db0bbc637a3a,2021-09-12T00:05:56.74Z,2021-09-11T20:04:55Z,17.507848,51.5300704,148.78,190.52,0.6,288.6,6,2,34,0,0,1.73,0.83,1
6188,db0bbc637a3a,2021-09-12T00:05:56.741Z,2021-09-12T00:05:25Z,17.5073552,51.530288,124.95,166.69,0.4,225.9,8,2,66,0,0,1.2,0.84,1
6188,db0bbc637a3a,2021-09-13T00:05:36.395Z,2021-09-12T04:04:34Z,17.5076816,51.5299328,124.69,166.43,0,0,6,2,17,0,0,1.24,0.88,1
6188,db0bbc637a3a,2021-09-13T00:05:36.395Z,2021-09-12T08:05:01Z,17.5070672,51.5263552,101.84,143.59,0,327.1,6,2,39,0,0,1.14,0.92,1
6188,db0bbc637a3a,2021-09-13T00:05:36.396Z,2021-09-12T12:06:53Z,200,200,0,0,0,0,0,0,150,0,0,0,0,1
6188,db0bbc637a3a,2021-09-13T00:05:36.396Z,2021-09-12T16:04:32Z,17.5125488,51.5308128,91.05,132.79,0.3,253.7,5,2,15,0,0,1.33,0.96,1
6188,db0bbc637a3a,2021-09-13T00:05:36.397Z,2021-09-12T20:04:55Z,17.507584,51.5300224,129.23,170.98,0.3,272.4,8,2,33,0,0,0.94,0.81,1
6188,db0bbc637a3a,2021-09-13T00:05:36.398Z,2021-09-13T00:05:04Z,17.507736,51.5309248,122.3,164.04,0.1,0,5,2,45,0,0,1.63,0.96,1
6188,db0bbc637a3a,2021-09-14T00:06:08.912Z,2021-09-13T04:04:57Z,17.5077872,51.5305184,104.29,146.04,0.2,334.7,9,1,40,0,0,0.91,0.81,1
6188,db0bbc637a3a,2021-09-14T00:06:08.913Z,2021-09-13T08:06:18Z,17.5153104,51.5226368,184.09,225.84,9.8,68.9,5,2,118,0,0,2.38,0.85,1
6188,db0bbc637a3a,2021-09-14T00:06:08.914Z,2021-09-13T12:06:54Z,200,200,0,0,0,0,0,0,151,0,0,0,0,1
6188,db0bbc637a3a,2021-09-14T00:06:08.914Z,2021-09-13T16:05:55Z,17.4887008,51.5359872,107.08,148.83,0,143.6,6,2,98,0,0,1.25,0.92,1
6188,db0bbc637a3a,2021-09-14T00:06:08.914Z,2021-09-13T20:05:30Z,17.4916016,51.5433952,147.04,188.77,0.1,330.2,5,2,68,0,0,1.92,0.96,1
6188,db0bbc637a3a,2021-09-14T00:06:08.915Z,2021-09-14T00:05:31Z,17.4918912,51.5432288,162.32,204.06,0.2,352.4,6,2,72,0,0,1.45,0.93,1
6188,db0bbc637a3a,2021-09-16T00:06:41.241Z,2021-09-14T04:05:18Z,17.4882896,51.5359392,128.26,170.01,0,22.4,4,2,61,0,0,1.42,0.97,1
6188,db0bbc637a3a,2021-09-16T00:06:41.242Z,2021-09-14T08:06:54Z,200,200,0,0,0,0,0,0,150,0,0,0,0,1
6188,db0bbc637a3a,2021-09-16T00:06:41.243Z,2021-09-14T12:05:08Z,17.392624,51.5482016,363.54,405.35,8.6,76.7,5,2,50,0,0,1.68,0.89,1
6188,db0bbc637a3a,2021-09-16T00:06:41.244Z,2021-09-14T16:06:48Z,17.3803728,51.5493152,120.22,162.04,0.6,351.8,4,2,151,0,0,1.88,1,1
6188,db0bbc637a3a,2021-09-16T00:06:41.245Z,2021-09-14T20:05:54Z,17.3815936,51.548976,104.79,146.6,0.1,33.2,4,2,92,0,0,1.44,0.98,1
6188,db0bbc637a3a,2021-09-16T00:06:41.246Z,2021-09-15T00:04:46Z,17.3815232,51.5491424,87.23,129.04,0,0,5,2,28,0,0,1.85,0.93,1
6188,db0bbc637a3a,2021-09-16T00:06:41.247Z,2021-09-15T04:06:00Z,17.3832592,51.5485952,141.23,183.04,0,36.1,5,2,104,0,0,1.2,0.98,1
6188,db0bbc637a3a,2021-09-16T00:06:41.248Z,2021-09-15T08:05:25Z,17.3784576,51.5564544,82.41,124.22,0.1,0,4,1,62,0,0,1.32,1,1
6188,db0bbc637a3a,2021-09-16T00:06:41.249Z,2021-09-15T12:04:55Z,17.3758816,51.5499232,102.84,144.66,0.4,0,6,2,34,0,0,1.91,0.99,1
6188,db0bbc637a3a,2021-09-16T00:06:41.25Z,2021-09-15T16:05:35Z,17.3786576,51.5495456,71.72,113.53,0.1,0,5,2,77,0,0,1.9,0.91,1
6188,db0bbc637a3a,2021-09-16T00:06:41.251Z,2021-09-15T20:05:00Z,17.3783744,51.5497248,152.23,194.05,0,355.6,4,2,44,0,0,1.65,0.99,1
6188,db0bbc637a3a,2021-09-16T00:06:41.252Z,2021-09-16T00:05:54Z,17.378304,51.5494624,33.81,75.63,0,200.9,4,1,92,0,0,1.35,1,1
6188,db0bbc637a3a,2021-09-21T00:05:50.06Z,2021-09-16T04:05:17Z,17.3781936,51.549456,115.95,157.77,0.2,218.4,5,2,56,0,0,1.48,0.86,1
6188,db0bbc637a3a,2021-09-21T00:05:50.061Z,2021-09-16T08:05:07Z,17.3672816,51.5589824,103.17,144.98,0,0,5,2,48,0,0,1.37,0.94,1
6188,db0bbc637a3a,2021-09-21T00:05:50.062Z,2021-09-16T12:05:01Z,17.3764608,51.549824,106.5,148.32,0,102.3,7,2,44,0,0,1.13,0.9,1
6188,db0bbc637a3a,2021-09-21T00:05:50.063Z,2021-09-16T16:05:26Z,17.3805744,51.5492896,104.05,145.86,0.2,304.2,5,2,64,0,0,1.72,0.94,1
6188,db0bbc637a3a,2021-09-21T00:05:50.064Z,2021-09-16T20:05:00Z,17.3768576,51.556976,189.34,231.15,0.2,0,4,2,42,0,0,1.62,0.92,1
6188,db0bbc637a3a,2021-09-21T00:05:50.064Z,2021-09-17T00:05:02Z,17.3757152,51.5562624,243.44,285.25,0.2,88,5,2,45,0,0,1.38,0.93,1
6188,db0bbc637a3a,2021-09-21T00:05:50.065Z,2021-09-17T04:04:31Z,17.3767376,51.5567392,144.51,186.32,0.2,0,6,2,10,0,0,1.19,0.89,1
6188,db0bbc637a3a,2021-09-21T00:05:50.066Z,2021-09-17T08:04:25Z,17.3684448,51.5608064,204,245.81,0.3,277.4,5,2,6,0,0,1.4,0.93,1
6188,db0bbc637a3a,2021-09-21T00:05:50.066Z,2021-09-17T12:04:35Z,17.4054592,51.5474688,109.61,151.41,0,0,6,2,18,0,0,1.51,0.9,1
6188,db0bbc637a3a,2021-09-21T00:05:50.067Z,2021-09-17T16:04:42Z,17.406624,51.5480384,140.97,182.77,0.4,343.5,5,2,20,0,0,1.7,0.93,1
6188,db0bbc637a3a,2021-09-21T00:05:50.068Z,2021-09-17T20:04:53Z,17.4178576,51.5392288,192.01,233.81,0,0,5,2,33,0,0,1.21,0.91,1
6188,db0bbc637a3a,2021-09-21T00:05:50.068Z,2021-09-18T00:04:41Z,17.3776592,51.5581472,111.25,153.06,0.1,0,6,1,24,0,0,1.15,0.88,1
6188,db0bbc637a3a,2021-09-21T00:05:50.069Z,2021-09-18T04:05:52Z,17.4049344,51.5477248,189.73,231.53,0,40.4,8,1,90,0,0,0.85,0.83,1
6188,db0bbc637a3a,2021-09-21T00:05:50.07Z,2021-09-18T08:05:14Z,17.4042976,51.5462912,-252.7,-210.9,0,224.1,8,2,54,0,0,0.92,0.86,1
6188,db0bbc637a3a,2021-09-21T00:05:51.595Z,2021-09-18T12:05:13Z,17.4100432,51.5444256,147.52,189.32,1.7,120.6,9,2,55,0,0,1.03,0.82,1
6188,db0bbc637a3a,2021-09-21T00:05:51.596Z,2021-09-18T16:05:01Z,17.4090464,51.5446176,117.67,159.47,0,90.5,7,2,39,0,0,1.21,0.89,1
6188,db0bbc637a3a,2021-09-21T00:05:51.597Z,2021-09-18T20:05:01Z,17.4076976,51.541472,131.17,172.98,0.2,45.2,7,2,41,0,0,1.18,0.88,1
6188,db0bbc637a3a,2021-09-21T00:05:51.598Z,2021-09-19T00:05:52Z,17.4078784,51.5418464,81.18,122.98,0,36.6,4,2,94,0,0,2.26,0.97,1
6188,db0bbc637a3a,2021-09-21T00:05:51.599Z,2021-09-19T04:04:38Z,17.4083008,51.5410912,172.71,214.52,0,0,5,2,16,0,0,1.15,0.95,1
6188,db0bbc637a3a,2021-09-21T00:05:51.6Z,2021-09-19T08:04:35Z,17.4111424,51.54512,-52.08,-10.28,0,337,6,2,15,0,0,1,0.91,1
6188,db0bbc637a3a,2021-09-21T00:05:51.601Z,2021-09-19T12:04:55Z,17.4116352,51.5462048,38.28,80.08,0.1,0,8,2,37,0,0,1.02,0.91,1
6188,db0bbc637a3a,2021-09-21T00:05:51.602Z,2021-09-19T16:06:35Z,17.4123904,51.5438944,101.22,143.02,0,356.1,5,2,133,0,0,1.46,0.9,1
6188,db0bbc637a3a,2021-09-21T00:05:51.603Z,2021-09-19T20:04:56Z,17.4145856,51.5440128,181.75,223.55,0,0,5,2,36,0,0,1.2,0.93,1
6188,db0bbc637a3a,2021-09-21T00:05:51.604Z,2021-09-20T00:05:31Z,17.4145552,51.5435488,238.15,279.95,0.4,149.2,5,2,74,0,0,1.68,1,1
6188,db0bbc637a3a,2021-09-21T00:05:51.605Z,2021-09-20T04:05:01Z,17.4144976,51.5440896,168.62,210.41,0,0,7,2,39,0,0,1.07,0.9,1
6188,db0bbc637a3a,2021-09-21T00:05:51.606Z,2021-09-20T08:04:55Z,17.4121856,51.54568,99.12,140.92,0.1,24.2,8,2,35,0,0,0.89,0.89,1
6188,db0bbc637a3a,2021-09-21T00:05:51.607Z,2021-09-20T12:06:53Z,200,200,0,0,0,0,0,0,150,0,0,0,0,1
6188,db0bbc637a3a,2021-09-21T00:05:51.607Z,2021-09-20T16:06:54Z,200,200,0,0,0,0,0,0,151,0,0,0,0,1
6188,db0bbc637a3a,2021-09-21T00:05:51.607Z,2021-09-20T20:06:53Z,200,200,0,0,0,0,0,0,150,0,0,0,0,1
6188,db0bbc637a3a,2021-09-21T00:05:51.608Z,2021-09-21T00:05:19Z,17.4144848,51.5440096,121.81,163.61,0.2,0,5,2,68,0,0,2.15,0.93,1
6188,db0bbc637a3a,2021-09-25T00:06:37.129Z,2021-09-21T04:06:01Z,17.4096544,51.5449984,167.36,209.16,8,293,5,2,99,0,0,1.99,7.08,1
6188,db0bbc637a3a,2021-09-25T00:06:37.13Z,2021-09-21T08:04:54Z,17.4129872,51.5446816,106.61,148.41,0,0,6,2,34,0,0,1.08,0.92,1
6188,db0bbc637a3a,2021-09-25T00:06:37.131Z,2021-09-21T12:04:54Z,17.4116928,51.5459488,92.18,133.98,0.2,321.7,9,2,37,0,0,0.98,0.89,1
6188,db0bbc637a3a,2021-09-25T00:06:37.132Z,2021-09-21T16:06:03Z,17.3840752,51.5485024,94.29,136.1,0,0,5,1,101,0,0,3.09,0.85,1
6188,db0bbc637a3a,2021-09-25T00:06:37.133Z,2021-09-21T20:04:54Z,17.3816512,51.549024,114.13,155.95,0.1,0,6,2,33,0,0,1.25,0.82,1
6188,db0bbc637a3a,2021-09-25T00:06:37.134Z,2021-09-22T00:05:01Z,17.382048,51.548416,163.19,205.01,0.1,0,4,2,44,0,0,2.97,1,1
6188,db0bbc637a3a,2021-09-25T00:06:37.134Z,2021-09-22T04:05:00Z,17.3817024,51.5490528,110.1,151.91,0.2,0,5,2,38,0,0,1.37,0.94,1
6188,db0bbc637a3a,2021-09-25T00:06:37.135Z,2021-09-22T08:04:54Z,17.3822208,51.5490176,83.22,125.04,0.6,194.9,6,2,33,0,0,1.71,0.94,1
6188,db0bbc637a3a,2021-09-25T00:06:37.136Z,2021-09-22T12:05:00Z,17.3723152,51.5578048,95.05,136.86,0.9,332.6,6,2,41,0,0,1.26,0.88,1
6188,db0bbc637a3a,2021-09-25T00:06:37.137Z,2021-09-22T16:06:54Z,200,200,0,0,0,0,0,0,150,0,0,0,0,1
6188,db0bbc637a3a,2021-09-25T00:06:37.137Z,2021-09-22T20:04:50Z,17.3816416,51.549168,152.26,194.07,0.4,212.3,5,2,36,0,0,1.35,0.99,1
6188,db0bbc637a3a,2021-09-25T00:06:37.138Z,2021-09-23T00:05:01Z,17.381984,51.5483616,215.93,257.75,0.5,333.4,5,2,40,0,0,1.72,0.9,1
6188,db0bbc637a3a,2021-09-25T00:06:37.138Z,2021-09-23T04:05:46Z,17.3816144,51.548992,108.18,150,0.2,0,4,2,86,0,0,1.76,0.92,1
6188,db0bbc637a3a,2021-09-25T00:06:37.139Z,2021-09-23T08:05:01Z,17.406304,51.55112,112.03,153.82,0.1,0,11,2,44,0,0,0.82,0.85,1
6188,db0bbc637a3a,2021-09-25T00:06:37.14Z,2021-09-23T12:04:47Z,17.4120656,51.5451744,121.01,162.81,0.3,90.9,7,2,26,0,0,1.23,0.92,1
6188,db0bbc637a3a,2021-09-25T00:06:38.449Z,2021-09-23T16:06:27Z,17.4052352,51.547328,112.25,154.05,0,13.1,4,2,128,0,0,1.18,0.97,1
6188,db0bbc637a3a,2021-09-25T00:06:38.45Z,2021-09-23T20:04:40Z,17.3814976,51.5494848,185.08,226.89,1.2,250.5,5,1,22,0,0,2.59,0.97,1
6188,db0bbc637a3a,2021-09-25T00:06:38.451Z,2021-09-24T00:04:40Z,17.3809504,51.5483424,102.92,144.73,0.1,0,5,2,18,0,0,1.02,0.95,1
6188,db0bbc637a3a,2021-09-25T00:06:38.452Z,2021-09-24T04:04:47Z,17.3821408,51.5487392,-65.48,-23.67,0.1,0,5,2,27,0,0,1.03,0.93,1
6188,db0bbc637a3a,2021-09-25T00:06:38.453Z,2021-09-24T08:04:26Z,17.43564,51.5465504,76.88,118.65,0,0,7,2,9,0,0,1.03,0.92,1
6188,db0bbc637a3a,2021-09-25T00:06:38.454Z,2021-09-24T12:04:45Z,200,200,0,0,0,0,0,0,21,0,0,0,0,1
6188,db0bbc637a3a,2021-09-25T00:06:38.454Z,2021-09-24T16:06:54Z,200,200,0,0,0,0,0,0,150,0,0,0,0,1
6188,db0bbc637a3a,2021-09-25T00:06:38.454Z,2021-09-24T20:04:43Z,200,200,0,0,0,0,0,0,20,0,0,0,0,1
6188,db0bbc637a3a,2021-09-25T00:06:38.454Z,2021-09-25T00:06:08Z,17.4087904,51.55608,110.35,152.14,0,0,6,2,112,0,0,1.01,0.91,1
6188,db0bbc637a3a,2021-09-28T00:06:09.254Z,2021-09-25T04:05:21Z,17.4093488,51.557152,641.64,683.42,0,14.6,5,1,91,0,0,1.19,0.99,1
6188,db0bbc637a3a,2021-09-28T00:06:09.255Z,2021-09-25T08:05:32Z,17.381496,51.5491488,79.24,121.05,0.4,117.6,7,2,38,0,0,1.27,0.9,1
6188,db0bbc637a3a,2021-09-28T00:06:09.256Z,2021-09-25T12:05:45Z,17.3840048,51.548416,-171.74,-129.93,0.9,348.5,6,1,83,0,0,1.02,0.98,1
6188,db0bbc637a3a,2021-09-28T00:06:09.257Z,2021-09-25T16:04:54Z,17.3813712,51.5490944,96.28,138.1,0.2,0,7,2,35,0,0,0.95,0.84,1
6188,db0bbc637a3a,2021-09-28T00:06:09.257Z,2021-09-25T20:05:01Z,17.3817296,51.5490624,84.99,126.81,0.8,349.1,8,2,43,0,0,1.01,0.85,1
6188,db0bbc637a3a,2021-09-28T00:06:09.258Z,2021-09-26T00:04:30Z,17.3820304,51.54864,61.82,103.64,0.2,0,7,2,9,0,0,0.95,0.87,1
6188,db0bbc637a3a,2021-09-28T00:06:09.259Z,2021-09-26T04:05:32Z,17.3816656,51.5491968,139.95,181.77,0.6,188.9,5,2,71,0,0,1.83,0.96,1
6188,db0bbc637a3a,2021-09-28T00:06:09.259Z,2021-09-26T08:04:26Z,17.3809744,51.5493056,311.56,353.38,0,0,5,2,9,0,0,1.11,0.99,1
6188,db0bbc637a3a,2021-09-28T00:06:09.26Z,2021-09-26T12:04:45Z,200,200,0,0,0,0,0,0,21,0,0,0,0,1
6188,db0bbc637a3a,2021-09-28T00:06:09.26Z,2021-09-26T16:04:42Z,17.3815696,51.5489536,51,92.81,0.1,0,6,2,22,0,0,1.32,0.9,1
6188,db0bbc637a3a,2021-09-28T00:06:09.261Z,2021-09-26T20:05:00Z,17.3814976,51.5490848,106.15,147.97,0.1,0,5,2,43,0,0,1.57,0.86,1
6188,db0bbc637a3a,2021-09-28T00:06:09.261Z,2021-09-27T00:05:04Z,17.376896,51.5497376,119.16,160.98,2.8,279.6,7,2,42,0,0,1.11,1.64,1
6188,db0bbc637a3a,2021-09-28T00:06:09.262Z,2021-09-27T04:05:01Z,17.3776032,51.5498112,120.74,162.56,0,0,4,2,42,0,0,1.67,0.95,1
6188,db0bbc637a3a,2021-09-28T00:06:09.263Z,2021-09-27T08:04:40Z,17.3765312,51.5497216,122.04,163.86,0.3,127.8,7,2,23,0,0,1.16,0.93,1
6188,db0bbc637a3a,2021-09-28T00:06:09.264Z,2021-09-27T12:04:45Z,200,200,0,0,0,0,0,0,21,0,0,0,0,1
6188,db0bbc637a3a,2021-09-28T00:06:09.264Z,2021-09-27T16:05:01Z,17.3763584,51.5497056,91.57,133.39,0.1,68,9,2,41,0,0,0.84,0.77,1
6188,db0bbc637a3a,2021-09-28T00:06:10.666Z,2021-09-27T20:04:55Z,17.3762688,51.549584,94.66,136.48,0.2,0,5,2,37,0,0,1.76,0.95,1
6188,db0bbc637a3a,2021-09-28T00:06:10.667Z,2021-09-28T00:05:31Z,17.3763968,51.5497632,92.82,134.64,0.2,7.5,7,2,70,0,0,1.42,0.82,1
6188,db0bbc637a3a,2021-10-04T00:05:53.019Z,2021-09-28T04:04:54Z,17.3763488,51.5498656,109.91,151.73,0.4,315.8,6,2,36,0,0,1.27,0.94,1
6188,db0bbc637a3a,2021-10-04T00:05:53.019Z,2021-09-28T08:05:10Z,17.3742272,51.5493728,95.34,137.16,0.1,89.4,6,2,53,0,0,1.2,0.93,1
6188,db0bbc637a3a,2021-10-04T00:05:53.02Z,2021-09-28T12:05:02Z,17.3828416,51.5430304,104.49,146.32,0.3,309.4,5,2,41,0,0,1.34,0.96,1
6188,db0bbc637a3a,2021-10-04T00:05:53.021Z,2021-09-28T16:06:54Z,200,200,0,0,0,0,0,0,150,0,0,0,0,1
6188,db0bbc637a3a,2021-10-04T00:05:53.021Z,2021-09-28T20:05:00Z,17.3815408,51.5491072,124.07,165.89,3.6,5.2,4,2,43,0,0,2.5,1,1
6188,db0bbc637a3a,2021-10-04T00:05:53.021Z,2021-09-29T00:05:48Z,17.3818112,51.5489792,90.54,132.35,0,160.1,5,2,86,0,0,1.82,1,1
6188,db0bbc637a3a,2021-10-04T00:05:53.022Z,2021-09-29T04:05:50Z,17.3822464,51.5494464,115.43,157.25,0,0,5,2,90,0,0,3.35,0.94,1
6188,db0bbc637a3a,2021-10-04T00:05:53.022Z,2021-09-29T08:05:55Z,17.3710064,51.5447168,105.11,146.94,0.1,340.5,5,2,97,0,0,1.23,0.98,1
6188,db0bbc637a3a,2021-10-04T00:05:53.023Z,2021-09-29T12:06:01Z,17.3823344,51.5439264,102.22,144.05,10.8,89.9,4,2,99,0,0,2.12,0.96,1
6188,db0bbc637a3a,2021-10-04T00:05:53.024Z,2021-09-29T16:05:02Z,17.381136,51.5578688,161.87,203.68,0.8,196.9,5,2,43,0,0,1.7,0.98,1
6188,db0bbc637a3a,2021-10-04T00:05:53.024Z,2021-09-29T20:05:01Z,17.3811744,51.5579744,113.45,155.26,0.2,0,4,2,45,0,0,1.98,0.97,1
6188,db0bbc637a3a,2021-10-04T00:05:53.025Z,2021-09-30T00:06:10Z,17.3809792,51.5580512,152.12,193.93,0.2,154.1,6,2,106,0,0,1.56,0.97,1
6188,db0bbc637a3a,2021-10-04T00:05:53.025Z,2021-09-30T04:05:14Z,17.3813712,51.5581088,109.27,151.08,0,0,5,2,54,0,0,1.83,0.99,1
6188,db0bbc637a3a,2021-10-04T00:05:53.026Z,2021-09-30T08:05:02Z,17.43656,51.5469184,114.65,156.43,0.1,201.5,8,2,43,0,0,0.97,0.81,1
6188,db0bbc637a3a,2021-10-04T00:05:53.026Z,2021-09-30T12:04:44Z,200,200,0,0,0,0,0,0,20,0,0,0,0,1
6188,db0bbc637a3a,2021-10-04T00:05:53.026Z,2021-09-30T16:06:54Z,200,200,0,0,0,0,0,0,150,0,0,0,0,1
6188,db0bbc637a3a,2021-10-04T00:05:54.801Z,2021-09-30T20:04:31Z,17.3773632,51.5514368,342.43,384.25,0.3,17.7,5,2,18,0,0,1.62,0.98,1
6188,db0bbc637a3a,2021-10-04T00:05:54.801Z,2021-10-01T00:05:00Z,17.3772672,51.5497984,137.58,179.4,0.2,83.8,5,2,39,0,0,1.77,0.92,1
6188,db0bbc637a3a,2021-10-04T00:05:54.802Z,2021-10-01T04:04:31Z,17.3775696,51.5497792,116.94,158.75,0.2,0,4,2,12,0,0,1.62,0.96,1
6188,db0bbc637a3a,2021-10-04T00:05:54.802Z,2021-10-01T08:04:32Z,17.3774784,51.5494144,26.6,68.42,0,0,5,2,15,0,0,1.15,0.93,1
6188,db0bbc637a3a,2021-10-04T00:05:54.803Z,2021-10-01T12:04:38Z,17.4856496,51.5430784,805.36,847.11,11.7,124.9,5,2,16,0,0,1.2,0.96,1
6188,db0bbc637a3a,2021-10-04T00:05:54.804Z,2021-10-01T16:05:00Z,17.3816944,51.5491936,134.07,175.89,0.1,135.3,8,2,41,0,0,0.97,0.8,1
6188,db0bbc637a3a,2021-10-04T00:05:54.804Z,2021-10-01T20:04:56Z,17.3814128,51.5491968,192.37,234.18,0.3,337.8,7,2,39,0,0,1.25,0.89,1
6188,db0bbc637a3a,2021-10-04T00:05:54.805Z,2021-10-02T00:04:31Z,17.38164,51.5487904,87.41,129.23,0.5,6.5,5,2,10,0,0,1.81,0.91,1
6188,db0bbc637a3a,2021-10-04T00:05:54.805Z,2021-10-02T04:04:39Z,17.3818672,51.5492448,114.46,156.27,0.1,207.9,6,2,18,0,0,1.25,0.84,1
6188,db0bbc637a3a,2021-10-04T00:05:54.806Z,2021-10-02T08:04:56Z,17.3839888,51.5486784,139.75,181.56,0.1,0,8,2,38,0,0,0.97,0.81,1
6188,db0bbc637a3a,2021-10-04T00:05:54.806Z,2021-10-02T12:04:56Z,17.384272,51.5484384,44.65,86.47,0.7,236,6,2,35,0,0,1.04,0.94,1
6188,db0bbc637a3a,2021-10-04T00:05:54.807Z,2021-10-02T16:04:43Z,200,200,0,0,0,0,0,0,20,0,0,0,0,1
6188,db0bbc637a3a,2021-10-04T00:05:54.807Z,2021-10-02T20:05:01Z,17.38188,51.5473152,-158.54,-116.72,0.2,350.2,7,2,43,0,0,1.28,0.96,1
6188,db0bbc637a3a,2021-10-04T00:05:54.808Z,2021-10-03T00:04:51Z,17.381632,51.5492768,138.31,180.12,0,0,6,2,30,0,0,1.17,0.82,1
6188,db0bbc637a3a,2021-10-04T00:05:54.808Z,2021-10-03T04:05:25Z,17.3818272,51.5493408,152.36,194.18,0,10.9,7,2,66,0,0,1.14,0.83,1
6188,db0bbc637a3a,2021-10-04T00:05:54.809Z,2021-10-03T08:04:37Z,17.3829728,51.5484864,93.35,135.17,0.2,47.4,5,2,20,0,0,1.37,0.88,1
6188,db0bbc637a3a,2021-10-04T00:05:56.221Z,2021-10-03T12:05:19Z,17.5239504,51.5393056,73.77,115.49,0,206.7,6,2,57,0,0,1.6,0.92,1
6188,db0bbc637a3a,2021-10-04T00:05:56.222Z,2021-10-03T16:06:03Z,17.3818752,51.5493152,167.08,208.9,0.2,256.4,7,2,103,0,0,1.11,0.82,1
6188,db0bbc637a3a,2021-10-04T00:05:56.223Z,2021-10-03T20:05:49Z,17.3812752,51.5492288,267.07,308.89,0,73.7,7,2,91,0,0,1.04,0.92,1
6188,db0bbc637a3a,2021-10-04T00:05:56.224Z,2021-10-04T00:05:26Z,17.3815024,51.5491712,148.15,189.97,0.1,0,5,1,64,0,0,1.49,0.94,1
6188,db0bbc637a3a,2021-10-05T00:05:25.444Z,2021-10-04T04:04:56Z,17.3816784,51.549184,112.55,154.37,0.1,298.2,7,2,37,0,0,1.02,0.79,1
6188,db0bbc637a3a,2021-10-05T00:05:25.445Z,2021-10-04T08:04:55Z,17.3844912,51.548432,155.31,197.12,0.1,10.7,8,2,37,0,0,0.99,0.8,1
6188,db0bbc637a3a,2021-10-05T00:05:25.446Z,2021-10-04T12:05:01Z,17.85244,50.890912,765.53,807.8,16.5,178.9,10,2,40,0,0,0.87,0.73,1
6188,db0bbc637a3a,2021-10-05T00:05:25.447Z,2021-10-04T16:04:55Z,18.0512416,50.2248,285.26,327.83,0.3,43.5,5,2,36,0,0,1.32,0.89,1
6188,db0bbc637a3a,2021-10-05T00:05:25.448Z,2021-10-04T20:04:44Z,18.0509664,50.2245792,242.57,285.14,0.4,257.7,4,2,27,0,0,1.36,0.97,1
6188,db0bbc637a3a,2021-10-05T00:05:25.448Z,2021-10-05T00:05:00Z,18.0498144,50.2247136,222.1,264.66,0.5,212.3,5,2,37,0,0,1.77,0.93,1
6188,db0bbc637a3a,2021-10-15T00:06:41.929Z,2021-10-05T04:05:00Z,18.0512032,50.2247264,259.68,302.24,0.1,0,6,2,41,0,0,1.59,0.95,1
6188,db0bbc637a3a,2021-10-15T00:06:41.93Z,2021-10-05T08:06:00Z,17.957392,50.1048896,322.67,365.31,5.9,115.8,5,2,102,0,0,1.53,0.96,1
6188,db0bbc637a3a,2021-10-15T00:06:41.931Z,2021-10-05T12:06:54Z,200,200,0,0,0,0,0,0,150,0,0,0,0,1
6188,db0bbc637a3a,2021-10-15T00:06:41.931Z,2021-10-05T16:06:54Z,200,200,0,0,0,0,0,0,151,0,0,0,0,1
6188,db0bbc637a3a,2021-10-15T00:06:41.931Z,2021-10-05T20:06:31Z,17.4249408,49.9114528,635.7,678.68,0.3,346.9,4,2,134,0,0,3.25,0.98,1
6188,db0bbc637a3a,2021-10-15T00:06:41.932Z,2021-10-06T00:06:24Z,17.424952,49.9117536,569.19,612.18,0.6,139.2,5,2,123,0,0,1.67,0.92,1
6188,db0bbc637a3a,2021-10-15T00:06:41.933Z,2021-10-06T04:05:01Z,17.4247584,49.91176,577.98,620.96,0.5,282.3,5,2,41,0,0,2.35,0.98,1
6188,db0bbc637a3a,2021-10-15T00:06:41.934Z,2021-10-06T08:05:10Z,17.431744,49.9112256,546.47,589.45,0,0,5,2,53,0,0,1.37,0.94,1
6188,db0bbc637a3a,2021-10-15T00:06:41.934Z,2021-10-06T12:04:41Z,17.3879392,49.8681952,709.83,752.84,0.4,280.4,4,2,20,0,0,2.56,0.95,1
6188,db0bbc637a3a,2021-10-15T00:06:41.935Z,2021-10-06T16:05:00Z,17.3869568,49.8671232,650.77,693.78,0.4,187.9,4,2,40,0,0,2.57,0.98,1
6188,db0bbc637a3a,2021-10-15T00:06:41.936Z,2021-10-06T20:05:01Z,17.3835296,49.867664,714.79,757.81,0.6,60.2,6,2,43,0,0,2.57,0.97,1
6188,db0bbc637a3a,2021-10-15T00:06:41.937Z,2021-10-07T00:04:46Z,200,200,0,0,0,0,0,0,21,0,0,0,0,1
6188,db0bbc637a3a,2021-10-15T00:06:41.937Z,2021-10-07T04:04:44Z,200,200,0,0,0,0,0,0,21,0,0,0,0,1
6188,db0bbc637a3a,2021-10-15T00:06:41.937Z,2021-10-07T08:05:49Z,17.3666064,49.5694976,244.34,287.34,0,123.1,5,1,90,0,0,1.22,0.95,1
6188,db0bbc637a3a,2021-10-15T00:06:41.938Z,2021-10-07T12:05:25Z,17.3194464,49.5230592,254.18,297.2,0,22.1,6,2,68,0,0,1.2,0.84,1
6188,db0bbc637a3a,2021-10-15T00:06:41.939Z,2021-10-07T16:05:20Z,17.2276576,49.4838784,221.87,264.96,0.1,32.3,4,2,59,0,0,2.3,0.89,1
6188,db0bbc637a3a,2021-10-15T00:06:43.672Z,2021-10-07T20:04:47Z,17.2275408,49.4839392,330.84,373.92,0.1,251.5,5,1,27,0,0,1.28,0.94,1
6188,db0bbc637a3a,2021-10-15T00:06:43.673Z,2021-10-08T00:04:44Z,200,200,0,0,0,0,0,0,21,0,0,0,0,1
6188,db0bbc637a3a,2021-10-15T00:06:43.673Z,2021-10-08T04:05:02Z,17.22756,49.4832064,-12.97,30.1,0.5,33.9,4,2,46,0,0,1.3,1,1
6188,db0bbc637a3a,2021-10-15T00:06:43.674Z,2021-10-08T08:05:24Z,17.239464,49.415488,506.5,549.57,7.2,337,4,2,63,0,0,1.58,0.99,1
6188,db0bbc637a3a,2021-10-15T00:06:43.675Z,2021-10-08T12:04:28Z,16.894432,48.216896,634.03,676.96,16.4,173.1,5,2,8,0,0,1.56,0.94,1
6188,db0bbc637a3a,2021-10-15T00:06:43.676Z,2021-10-08T16:05:01Z,16.5972064,46.9872928,193.71,236.21,5.4,166.2,4,2,44,0,0,2.16,0.9,1
6188,db0bbc637a3a,2021-10-15T00:06:43.677Z,2021-10-08T20:05:02Z,16.597208,46.9880384,176.93,219.43,0,26.4,5,2,41,0,0,1.21,0.92,1
6188,db0bbc637a3a,2021-10-15T00:06:43.678Z,2021-10-09T00:05:37Z,16.5971296,46.9880992,190.53,233.03,0,0,5,2,77,0,0,1.27,0.9,1
6188,db0bbc637a3a,2021-10-15T00:06:43.679Z,2021-10-09T04:04:54Z,16.5974992,46.9880832,209.51,252,0.1,0,6,2,37,0,0,1.06,0.91,1
6188,db0bbc637a3a,2021-10-15T00:06:43.68Z,2021-10-09T08:04:39Z,16.3964992,46.5536064,697.24,739.67,12.3,180.7,6,2,16,0,0,1.19,0.91,1
6188,db0bbc637a3a,2021-10-15T00:06:43.68Z,2021-10-09T12:04:46Z,16.1395584,45.457744,441.23,483.2,15.7,203.2,7,2,26,0,0,1.12,0.83,1
6188,db0bbc637a3a,2021-10-15T00:06:43.681Z,2021-10-09T16:04:55Z,15.8165248,45.0977632,305.32,347.48,0.1,320.5,7,2,38,0,0,1.13,0.88,1
6188,db0bbc637a3a,2021-10-15T00:06:43.682Z,2021-10-09T20:05:01Z,15.8166064,45.0979424,386.6,428.76,0.2,0,7,2,40,0,0,0.92,0.87,1
6188,db0bbc637a3a,2021-10-15T00:06:43.683Z,2021-10-10T00:04:36Z,15.8161312,45.0980448,231.85,274.01,0.1,0,4,2,17,0,0,1.42,0.93,1
6188,db0bbc637a3a,2021-10-15T00:06:43.684Z,2021-10-10T04:05:01Z,15.8163152,45.0979648,434.76,476.93,0.1,54.6,6,2,43,0,0,1.35,0.95,1
6188,db0bbc637a3a,2021-10-15T00:06:43.685Z,2021-10-10T08:04:40Z,15.8162608,45.0976288,293.79,335.96,0.1,0,5,2,19,0,0,1.82,0.83,1
6188,db0bbc637a3a,2021-10-15T00:06:45.332Z,2021-10-10T12:05:00Z,15.9409584,45.0497536,357.2,399.16,0.4,211.4,5,2,40,0,0,1.18,0.91,1
6188,db0bbc637a3a,2021-10-15T00:06:45.333Z,2021-10-10T16:04:50Z,15.9415008,45.0491936,336.54,378.5,0,0,6,2,33,0,0,1.38,0.93,1
6188,db0bbc637a3a,2021-10-15T00:06:45.335Z,2021-10-10T20:04:31Z,15.9416992,45.0496032,379.41,421.37,0.3,335,4,2,10,0,0,1.35,0.98,1
6188,db0bbc637a3a,2021-10-15T00:06:45.336Z,2021-10-11T00:05:46Z,15.9415936,45.0499808,382.13,424.09,0,30.3,6,2,86,0,0,1.82,0.93,1
6188,db0bbc637a3a,2021-10-15T00:06:45.337Z,2021-10-11T04:05:17Z,15.9412288,45.0497408,329.07,371.03,0.1,65,5,2,60,0,0,1.32,0.95,1
6188,db0bbc637a3a,2021-10-15T00:06:45.338Z,2021-10-11T08:05:00Z,15.9411712,45.0498784,322.88,364.84,0.3,296.1,5,2,38,0,0,1.23,0.93,1
6188,db0bbc637a3a,2021-10-15T00:06:45.339Z,2021-10-11T12:05:38Z,15.9733632,45.0798496,239.07,281.01,0,40.6,5,2,79,0,0,1.37,0.94,1
6188,db0bbc637a3a,2021-10-15T00:06:45.34Z,2021-10-11T16:05:01Z,15.975992,45.0756768,200.29,242.21,0.1,352.9,7,2,44,0,0,1.19,0.94,1
6188,db0bbc637a3a,2021-10-15T00:06:45.341Z,2021-10-11T20:05:29Z,15.9758144,45.0752832,223.58,265.51,0,190.8,5,2,68,0,0,1.07,0.98,1
6188,db0bbc637a3a,2021-10-15T00:06:45.342Z,2021-10-12T00:05:00Z,15.9759376,45.0757376,191.64,233.57,0.2,0,5,2,41,0,0,1.35,0.92,1
6188,db0bbc637a3a,2021-10-15T00:06:45.343Z,2021-10-12T04:06:55Z,200,200,0,0,0,0,0,0,151,0,0,0,0,1
6188,db0bbc637a3a,2021-10-15T00:06:45.343Z,2021-10-12T08:05:31Z,15.9484784,44.9716448,624.46,666.36,12.3,178.6,6,2,76,0,0,1.64,0.88,1
6188,db0bbc637a3a,2021-10-15T00:06:45.344Z,2021-10-12T12:06:00Z,15.400432,43.3923904,557.57,599.33,7.5,204.8,5,2,99,0,0,2.3,4.26,1
6188,db0bbc637a3a,2021-10-15T00:06:45.345Z,2021-10-12T16:05:19Z,14.976984,41.8245536,143.95,185.8,0.1,117.8,7,2,59,0,0,1.43,0.8,1
6188,db0bbc637a3a,2021-10-15T00:06:45.346Z,2021-10-12T20:05:31Z,14.9769808,41.8254592,85.21,127.06,0.2,73.1,5,2,73,0,0,1.76,0.92,1
6188,db0bbc637a3a,2021-10-15T00:06:45.347Z,2021-10-13T00:06:53Z,200,200,0,0,0,0,0,0,150,0,0,0,0,1
6188,db0bbc637a3a,2021-10-15T00:06:46.911Z,2021-10-13T04:05:00Z,14.9767728,41.8255552,115.48,157.33,0.3,190.2,4,2,42,0,0,1.57,0.96,1
6188,db0bbc637a3a,2021-10-15T00:06:46.912Z,2021-10-13T08:06:54Z,200,200,0,0,0,0,0,0,151,0,0,0,0,1
6188,db0bbc637a3a,2021-10-15T00:06:46.913Z,2021-10-13T12:04:49Z,14.9269392,40.5718144,1335.07,1376.74,12.4,89.5,5,2,34,0,0,2.37,0.94,1
6188,db0bbc637a3a,2021-10-15T00:06:46.914Z,2021-10-13T16:05:37Z,14.97348,40.4914176,-16.99,24.57,0,0,5,2,76,0,0,2.24,0.96,1
6188,db0bbc637a3a,2021-10-15T00:06:46.915Z,2021-10-13T20:05:54Z,14.9702288,40.4920704,-67.37,-25.79,1.7,27.2,5,2,95,0,0,7.43,8.97,1
6188,db0bbc637a3a,2021-10-15T00:06:46.916Z,2021-10-14T00:04:46Z,200,200,0,0,0,0,0,0,21,0,0,0,0,1
6188,db0bbc637a3a,2021-10-15T00:06:46.916Z,2021-10-14T04:04:44Z,200,200,0,0,0,0,0,0,21,0,0,0,0,1
6188,db0bbc637a3a,2021-10-15T00:06:46.916Z,2021-10-14T08:05:10Z,15.1029184,40.3233056,559.91,601.22,10,127.8,6,2,56,0,0,1.41,1.56,1
6188,db0bbc637a3a,2021-10-15T00:06:46.918Z,2021-10-14T12:05:07Z,15.1560816,40.1886752,4.45,45.65,0.6,307.3,5,2,46,0,0,1.53,0.91,1
6188,db0bbc637a3a,2021-10-15T00:06:46.92Z,2021-10-14T16:04:44Z,200,200,0,0,0,0,0,0,21,0,0,0,0,1
6188,db0bbc637a3a,2021-10-15T00:06:46.92Z,2021-10-14T20:05:37Z,15.1565008,40.1989472,22.46,63.66,0.4,279,5,2,79,0,0,1.67,0.96,1
6188,db0bbc637a3a,2021-10-15T00:06:46.921Z,2021-10-15T00:05:54Z,15.15708,40.1986496,2.49,43.69,0.5,289.1,5,2,93,0,0,2.05,0.9,1
6188,db0bbc637a3a,2021-10-16T00:05:08.772Z,2021-10-15T04:06:10Z,15.1569968,40.1988768,33.08,74.28,0,207.6,4,1,110,0,0,1.62,0.98,1
6188,db0bbc637a3a,2021-10-16T00:05:08.773Z,2021-10-15T08:04:39Z,15.1560144,40.1884544,17.54,58.74,0.3,115.7,7,2,22,0,0,1.23,0.91,1
6188,db0bbc637a3a,2021-10-16T00:05:08.774Z,2021-10-15T12:05:54Z,15.153952,40.1864576,45.94,87.14,0.1,337.3,5,2,91,0,0,1.32,0.93,1
6188,db0bbc637a3a,2021-10-16T00:05:08.775Z,2021-10-15T16:04:45Z,200,200,0,0,0,0,0,0,21,0,0,0,0,1
6188,db0bbc637a3a,2021-10-16T00:05:08.775Z,2021-10-15T20:04:40Z,15.1648464,40.1860896,135.03,176.22,0.1,0,5,2,21,0,0,1.26,0.94,1
6188,db0bbc637a3a,2021-10-16T00:05:08.776Z,2021-10-16T00:04:40Z,15.1644432,40.1864544,10.85,52.04,0.4,11.4,4,2,24,0,0,1.29,0.94,1
6188,db0bbc637a3a,2021-10-20T00:05:46.178Z,2021-10-16T04:05:01Z,15.1647408,40.1870336,87.35,128.53,0.1,0,6,2,38,0,0,1.58,0.93,1
6188,db0bbc637a3a,2021-10-20T00:05:46.179Z,2021-10-16T08:05:30Z,15.1536336,40.186176,67.93,109.13,0.2,163.2,6,2,70,0,0,2.37,0.89,1
6188,db0bbc637a3a,2021-10-20T00:05:46.179Z,2021-10-16T12:04:25Z,15.2924544,40.0664064,80.05,120.98,14,2.4,6,2,7,0,0,1.22,0.9,1
6188,db0bbc637a3a,2021-10-20T00:05:46.18Z,2021-10-16T16:06:18Z,15.1540704,40.1862688,-25.45,15.75,0.2,187.2,5,2,116,0,0,1.37,0.91,1
6188,db0bbc637a3a,2021-10-20T00:05:46.181Z,2021-10-16T20:05:01Z,15.1587984,40.1892128,70.87,112.06,0.2,344,7,2,40,0,0,1.16,0.85,1
6188,db0bbc637a3a,2021-10-20T00:05:46.182Z,2021-10-17T00:04:57Z,15.158824,40.1890528,32.51,73.7,0.1,117.1,9,2,38,0,0,0.95,0.85,1
6188,db0bbc637a3a,2021-10-20T00:05:46.182Z,2021-10-17T04:04:23Z,15.1593472,40.1891936,-16.85,24.33,0.1,0,5,2,7,0,0,1.46,0.96,1
6188,db0bbc637a3a,2021-10-20T00:05:46.183Z,2021-10-17T08:04:32Z,15.1643248,40.1865184,107.21,148.4,9.7,86.7,4,2,10,0,0,1.57,0.98,1
6188,db0bbc637a3a,2021-10-20T00:05:46.184Z,2021-10-17T12:04:36Z,16.0123952,39.433072,510.07,549.52,12.9,106.7,7,2,15,0,0,0.99,0.88,1
6188,db0bbc637a3a,2021-10-20T00:05:46.185Z,2021-10-17T16:05:03Z,16.229264,38.7328896,38.8,77.49,0.3,331,5,2,45,0,0,1.57,0.96,1
6188,db0bbc637a3a,2021-10-20T00:05:46.185Z,2021-10-17T20:04:49Z,16.2258128,38.728512,75.33,114.02,0.2,141.8,8,2,28,0,0,0.86,0.89,1
6188,db0bbc637a3a,2021-10-20T00:05:46.186Z,2021-10-18T00:04:55Z,16.2258656,38.7288224,79.32,118.01,0.2,0,5,2,35,0,0,1.31,0.92,1
6188,db0bbc637a3a,2021-10-20T00:05:46.187Z,2021-10-18T04:04:57Z,16.2263888,38.7287136,75.6,114.3,0.2,0,7,2,39,0,0,1.41,0.92,1
6188,db0bbc637a3a,2021-10-20T00:05:46.187Z,2021-10-18T08:05:31Z,16.1103776,38.7008256,311.93,350.81,6.8,240.1,7,2,70,0,0,1.07,0.86,1
6188,db0bbc637a3a,2021-10-20T00:05:48.496Z,2021-10-18T12:05:25Z,15.6407184,38.0168608,513.55,552.61,16.7,320.5,7,2,66,0,0,1.23,1.47,1
6188,db0bbc637a3a,2021-10-20T00:05:48.497Z,2021-10-18T16:05:48Z,15.9369168,38.3530496,203.08,241.97,0,181.3,7,1,91,0,0,1.24,0.93,1
6188,db0bbc637a3a,2021-10-20T00:05:48.498Z,2021-10-18T20:05:01Z,15.9387744,38.3519776,58.99,97.88,0,252.6,8,2,40,0,0,0.96,0.82,1
6188,db0bbc637a3a,2021-10-20T00:05:48.498Z,2021-10-19T00:04:54Z,15.9383904,38.35184,33.45,72.34,1.6,248.9,5,2,35,0,0,2.46,0.99,1
6188,db0bbc637a3a,2021-10-20T00:05:48.499Z,2021-10-19T04:05:00Z,15.9388816,38.3521792,68.84,107.73,0.2,0,7,2,43,0,0,1.13,0.83,1
6188,db0bbc637a3a,2021-10-20T00:05:48.5Z,2021-10-19T08:04:56Z,15.9765344,38.344864,45.42,84.24,0.2,263.4,5,2,34,0,0,1.52,0.9,1
6188,db0bbc637a3a,2021-10-20T00:05:48.501Z,2021-10-19T12:06:42Z,15.082328,37.8452832,1092.92,1132.73,3.5,268.7,4,1,143,0,0,3.62,5.05,1
6188,db0bbc637a3a,2021-10-20T00:05:48.502Z,2021-10-19T16:05:54Z,14.2398256,37.2741248,358.46,398.77,8.5,313.4,4,2,96,0,0,1.48,0.94,1
6188,db0bbc637a3a,2021-10-20T00:05:48.502Z,2021-10-19T20:05:01Z,14.2383904,37.2743072,336.13,376.44,0.1,0,6,2,39,0,0,0.99,0.91,1
6188,db0bbc637a3a,2021-10-20T00:05:48.503Z,2021-10-20T00:05:17Z,14.2385504,37.2742336,331.23,371.55,0.2,132.8,4,2,58,0,0,2.39,0.98,1
6188,db0bbc637a3a,2021-10-21T00:06:37.696Z,2021-10-20T04:05:12Z,14.2383488,37.2742016,322.83,363.15,0.7,2.1,7,2,54,0,0,1.92,0.91,1
6188,db0bbc637a3a,2021-10-21T00:06:37.697Z,2021-10-20T08:04:40Z,14.2386752,37.2736992,352.22,392.54,0.2,0,4,2,18,0,0,2.74,0.96,1
6188,db0bbc637a3a,2021-10-21T00:06:37.697Z,2021-10-20T12:05:37Z,13.2923952,37.4435456,773.21,815.23,4.6,247.2,4,2,77,0,0,1.94,0.99,1
6188,db0bbc637a3a,2021-10-21T00:06:37.698Z,2021-10-20T16:05:48Z,12.5966984,37.8147712,38.85,82.51,0.3,181,4,2,91,0,0,1.36,0.96,1
6188,db0bbc637a3a,2021-10-21T00:06:37.699Z,2021-10-20T20:05:10Z,12.5895688,37.8070304,50.76,94.42,0.3,348.1,5,2,48,0,0,1.4,0.95,1
6188,db0bbc637a3a,2021-10-21T00:06:37.7Z,2021-10-21T00:06:10Z,12.5894032,37.80704,87.58,131.24,0,260.2,5,2,108,0,0,1.74,0.94,1
6188,db0bbc637a3a,2021-10-22T00:06:10.834Z,2021-10-21T04:04:53Z,12.589916,37.8059584,-5.53,38.12,1,168.5,6,2,35,0,0,1.07,0.89,1
6188,db0bbc637a3a,2021-10-22T00:06:10.835Z,2021-10-21T08:05:01Z,12.6031096,37.8173056,66.29,109.95,0,0,8,2,44,0,0,1.1,0.81,1
6188,db0bbc637a3a,2021-10-22T00:06:10.836Z,2021-10-21T12:05:25Z,12.5993016,37.995824,278.3,322.28,0.6,331.9,5,2,64,0,0,2.21,0.91,1
6188,db0bbc637a3a,2021-10-22T00:06:10.837Z,2021-10-21T16:04:44Z,200,200,0,0,0,0,0,0,20,0,0,0,0,1
6188,db0bbc637a3a,2021-10-22T00:06:10.837Z,2021-10-21T20:06:22Z,12.5766728,37.998928,-83.06,-39.04,0.3,44.3,5,1,124,0,0,2.09,0.94,1
6188,db0bbc637a3a,2021-10-22T00:06:10.839Z,2021-10-22T00:05:25Z,12.5758056,38.000528,92.34,136.36,0.1,149.9,5,2,64,0,0,1.59,0.98,1
6188,db0bbc637a3a,2021-10-23T00:05:17.729Z,2021-10-22T04:04:33Z,12.5762568,38.0000608,151.28,195.29,0.4,80.3,4,2,14,0,0,1.78,0.97,1
6188,db0bbc637a3a,2021-10-23T00:05:17.73Z,2021-10-22T08:04:25Z,12.5352304,38.0092768,-21.13,22.94,0.4,291.9,7,2,7,0,0,1.18,0.84,1
6188,db0bbc637a3a,2021-10-23T00:05:17.731Z,2021-10-22T12:04:54Z,12.650632,37.9656896,262.01,305.87,0.2,0,5,2,32,0,0,1.63,0.94,1
6188,db0bbc637a3a,2021-10-23T00:05:17.731Z,2021-10-22T16:05:00Z,12.6474184,37.9607424,109.91,153.77,0.4,43.2,5,2,40,0,0,1.43,0.89,1
6188,db0bbc637a3a,2021-10-23T00:05:17.732Z,2021-10-22T20:04:45Z,12.6467816,37.9604576,218.13,261.99,0.1,259.8,8,2,26,0,0,0.8,0.88,1
6188,db0bbc637a3a,2021-10-23T00:05:17.732Z,2021-10-23T00:04:49Z,12.6476304,37.9595488,223.35,267.2,0.3,115.8,5,2,33,0,0,1.64,0.96,1
6188,db0bbc637a3a,2021-10-24T00:05:27.524Z,2021-10-23T04:04:55Z,12.6474392,37.9604864,105.72,149.57,0.1,0,8,2,34,0,0,0.83,0.88,1
6188,db0bbc637a3a,2021-10-24T00:05:27.525Z,2021-10-23T08:04:31Z,12.64398,37.958592,104.63,148.48,0.3,28.3,9,2,12,0,0,0.99,0.74,1
6188,db0bbc637a3a,2021-10-24T00:05:27.525Z,2021-10-23T12:05:09Z,12.7341424,37.857632,235.49,279.05,0.3,270.5,6,2,51,0,0,1.35,0.95,1
6188,db0bbc637a3a,2021-10-24T00:05:27.526Z,2021-10-23T16:04:37Z,12.7370112,37.8566592,267.79,311.34,7.3,124.8,5,2,15,0,0,1.24,0.93,1
6188,db0bbc637a3a,2021-10-24T00:05:27.527Z,2021-10-23T20:06:19Z,12.7375992,37.8567808,411.14,454.7,0,256,6,2,119,0,0,1.1,0.89,1
6188,db0bbc637a3a,2021-10-24T00:05:27.528Z,2021-10-24T00:05:00Z,12.7374312,37.8567136,191.08,234.63,0.4,202.4,5,2,42,0,0,1.64,0.93,1
6188,db0bbc637a3a,2021-10-25T00:05:23.811Z,2021-10-24T04:05:01Z,12.7374992,37.8565856,277.62,321.18,0.2,59.2,6,2,39,0,0,1.35,0.87,1
6188,db0bbc637a3a,2021-10-25T00:05:23.812Z,2021-10-24T08:04:57Z,12.7358496,37.8559008,184.29,227.84,0.1,0,5,2,37,0,0,1.25,0.89,1
6188,db0bbc637a3a,2021-10-25T00:05:23.812Z,2021-10-24T12:06:40Z,12.7344992,37.8570208,370.27,413.83,0.6,294.1,5,1,142,0,0,1.58,0.96,1
6188,db0bbc637a3a,2021-10-25T00:05:23.813Z,2021-10-24T16:05:01Z,12.7378104,37.8566784,263.92,307.47,0.1,322.5,6,2,39,0,0,1.23,0.92,1
6188,db0bbc637a3a,2021-10-25T00:05:23.814Z,2021-10-24T20:04:55Z,12.7372664,37.856704,207.5,251.05,0.2,269.2,6,2,34,0,0,1.02,0.89,1
6188,db0bbc637a3a,2021-10-25T00:05:23.815Z,2021-10-25T00:04:55Z,12.7371712,37.856608,142.75,186.31,0.4,106.1,6,2,37,0,0,1.65,0.91,1
6188,db0bbc637a3a,2021-10-26T00:06:25.206Z,2021-10-25T04:04:55Z,12.7375544,37.856992,247.69,291.24,0,293.7,8,2,33,0,0,0.96,0.84,1
6188,db0bbc637a3a,2021-10-26T00:06:25.207Z,2021-10-25T08:06:53Z,200,200,0,0,0,0,0,0,150,0,0,0,0,1
6188,db0bbc637a3a,2021-10-26T00:06:25.207Z,2021-10-25T12:04:55Z,12.8083248,37.7874304,130.54,173.88,0.1,352.3,8,2,38,0,0,1.17,0.95,1
6188,db0bbc637a3a,2021-10-26T00:06:25.208Z,2021-10-25T16:06:53Z,200,200,0,0,0,0,0,0,150,0,0,0,0,1
6188,db0bbc637a3a,2021-10-26T00:06:25.209Z,2021-10-25T20:05:31Z,12.80898,37.783136,164.03,207.36,0,100.7,8,2,72,0,0,1.01,0.85,1
6188,db0bbc637a3a,2021-10-26T00:06:25.209Z,2021-10-26T00:05:59Z,12.8089584,37.7832064,147.31,190.63,0.1,0,4,2,102,0,0,1.76,0.94,1
6188,db0bbc637a3a,2021-10-27T00:05:22.315Z,2021-10-26T04:05:53Z,12.8114968,37.7845376,-148.1,-104.78,0.2,48.9,4,2,91,0,0,3.48,1,1
6188,db0bbc637a3a,2021-10-27T00:05:22.316Z,2021-10-26T08:05:10Z,12.808796,37.7895968,59.87,103.2,0.3,267.4,6,2,50,0,0,1.42,0.86,1
6188,db0bbc637a3a,2021-10-27T00:05:22.317Z,2021-10-26T12:05:48Z,12.8540264,37.8138688,87.24,130.56,1.6,5.1,4,2,90,0,0,8.05,0.99,1
6188,db0bbc637a3a,2021-10-27T00:05:22.317Z,2021-10-26T16:05:00Z,12.8461408,37.82088,260.9,304.24,0.1,176.4,5,2,38,0,0,1.39,0.9,1
6188,db0bbc637a3a,2021-10-27T00:05:22.318Z,2021-10-26T20:04:55Z,12.8462096,37.8210464,238.04,281.38,0.2,0,4,2,36,0,0,1.74,0.96,1